llm_version,prompt_type,prop_english_only
1.5,Creative,0.0070921985815602
1.5,Creative,0.0
1.5,Creative,0.0
1.5,Creative,0.0048309178743961
1.5,Creative,0.0
1.5,Creative,0.0126582278481012
1.5,Creative,0.0214067278287461
1.5,Creative,0.0
1.5,Creative,0.0
1.5,Creative,0.0048076923076923
1.5,Creative,0.0
1.5,Creative,0.0
1.5,Creative,0.0
1.5,Creative,0.0
1.5,Creative,0.0
1.5,Creative,0.0246913580246913
1.5,Creative,0.0129870129870129
1.5,Creative,0.0
1.5,Creative,0.1447368421052631
1.5,Creative,0.0
1.5,Creative,0.0
1.5,Creative,0.0
1.5,Creative,0.0
1.5,Creative,0.0077519379844961
1.5,Creative,0.0
1.5,Creative,0.0
1.5,Creative,0.0145454545454545
1.5,Creative,0.0
1.5,Creative,0.0
1.5,Creative,0.0
1.5,Creative,0.0091463414634146
1.5,Creative,0.0
1.5,Creative,0.0031746031746031
1.5,Creative,0.0
1.5,Creative,0.0
1.5,Creative,0.0165016501650165
1.5,Creative,0.0
1.5,Creative,0.0
1.5,Creative,0.0
1.5,Creative,0.0
1.5,Creative,0.0
1.5,Creative,0.0
1.5,Creative,0.0
1.5,Creative,0.0
1.5,Creative,0.0
1.5,Creative,0.0
1.5,Creative,0.0042194092827004
1.5,Creative,0.0
1.5,Creative,0.04375
1.5,Creative,0.0
1.5,Creative,0.0
1.5,Creative,0.0
1.5,Creative,0.0081967213114754
1.5,Creative,0.0
1.5,Creative,0.0
1.5,Creative,0.0
1.5,Creative,0.014388489208633
1.5,Creative,0.0
1.5,Creative,0.0
1.5,Creative,0.0
1.5,Creative,0.0038910505836575
1.5,Creative,0.0034722222222222
1.5,Creative,0.0
1.5,Creative,0.0
1.5,Creative,0.0161290322580645
1.5,Creative,0.0169491525423728
1.5,Creative,0.0033003300330033
1.5,Creative,0.0
1.5,Creative,0.0137614678899082
1.5,Creative,0.0043668122270742
1.5,Creative,0.0
1.5,Creative,0.0
1.5,Creative,0.0092592592592592
1.5,Creative,0.0044843049327354
1.5,Creative,0.0035211267605633
1.5,Creative,0.0111111111111111
1.5,Creative,0.018018018018018
1.5,Creative,0.0
1.5,Creative,0.0568720379146919
1.5,Creative,0.0
1.5,Creative,0.0
1.5,Creative,0.0
1.5,Creative,0.0091185410334346
1.5,Creative,0.0138408304498269
1.5,Creative,0.0
1.5,Creative,0.0
1.5,Creative,0.0
1.5,Creative,0.0
1.5,Creative,0.0204678362573099
1.5,Creative,0.0253623188405797
1.5,Creative,0.0
1.5,Creative,0.0071428571428571
1.5,Creative,0.0
1.5,Creative,0.0
1.5,Creative,0.0105263157894736
1.5,Creative,0.0
1.5,Creative,0.022801302931596
1.5,Creative,0.0
1.5,Creative,0.0
1.5,Creative,0.0
1.5,Creative,0.0122699386503067
1.5,Creative,0.0
1.5,Creative,0.0
1.5,Creative,0.0
1.5,Creative,0.0
1.5,Creative,0.0
1.5,Creative,0.003731343283582
1.5,Creative,0.0
1.5,Creative,0.5314285714285715
1.5,Creative,0.0187165775401069
1.5,Creative,0.0
1.5,Creative,0.0
1.5,Creative,0.00625
1.5,Creative,0.0
1.5,Creative,0.0
1.5,Creative,0.0040816326530612
1.5,Creative,0.0
1.5,Creative,0.0079681274900398
1.5,Creative,0.019047619047619
1.5,Creative,0.0041322314049586
1.5,Creative,0.0111940298507462
1.5,Creative,0.0
1.5,Creative,0.0097087378640776
1.5,Creative,0.0071428571428571
1.5,Creative,0.0
1.5,Creative,0.0
1.5,Creative,0.0163934426229508
1.5,Creative,0.0
1.5,Creative,0.0
1.5,Creative,0.0
1.5,Creative,0.0
1.5,Creative,0.0
1.5,Creative,0.0062111801242236
1.5,Creative,0.0024570024570024
1.5,Creative,0.0
1.5,Creative,0.0121951219512195
1.5,Creative,0.0
1.5,Creative,0.0
1.5,Creative,0.09375
1.5,Creative,0.0
1.5,Creative,0.0
1.5,Creative,0.0
1.5,Creative,0.0035971223021582
1.5,Creative,0.0146520146520146
1.5,Creative,0.0
1.5,Creative,0.0
1.5,Creative,0.0503597122302158
1.5,Creative,0.0
1.5,Creative,0.0
1.5,Creative,0.0
1.5,Creative,0.0035335689045936
1.5,Creative,0.0
1.5,Creative,0.014792899408284
1.5,Creative,0.0
1.5,Creative,0.009090909090909
1.5,Creative,0.0161290322580645
1.5,Creative,0.0173611111111111
1.5,Creative,0.0
1.5,Creative,0.0
1.5,Creative,0.0034722222222222
1.5,Creative,0.0
1.5,Creative,0.0
1.5,Creative,0.0
1.5,Creative,0.0
1.5,Creative,0.0
1.5,Creative,0.0491803278688524
1.5,Creative,0.0
1.5,Creative,0.0063492063492063
1.5,Creative,0.0238095238095238
1.5,Creative,0.0
1.5,Creative,0.0
1.5,Creative,0.0
1.5,Creative,0.0032467532467532
1.5,Creative,0.031578947368421
1.5,Creative,0.0
1.5,Creative,0.0
1.5,Creative,0.0
1.5,Creative,0.0
1.5,Creative,0.0
1.5,Creative,0.0
1.5,Creative,0.0
1.5,Creative,0.0
1.5,Creative,0.0
1.5,Creative,0.0
1.5,Creative,0.0071428571428571
1.5,Creative,0.0129870129870129
1.5,Creative,0.0090634441087613
1.5,Creative,0.0
1.5,Creative,0.0183823529411764
1.5,Creative,0.0094339622641509
1.5,Creative,0.0
1.5,Creative,0.0
1.5,Creative,0.0199430199430199
1.5,Creative,0.0068649885583524
1.5,Creative,0.0
1.5,Creative,0.0206185567010309
1.5,Creative,0.0033557046979865
1.5,Creative,0.0
1.5,Creative,0.0034602076124567
1.5,Creative,0.0
1.5,Creative,0.1458333333333333
1.5,Creative,0.0
1.5,Creative,0.0
1.5,Creative,0.0
1.5,Creative,0.0
1.5,Creative,0.0
1.5,Creative,0.0217391304347826
1.5,Creative,0.0032051282051282
1.5,Creative,0.0119047619047619
1.5,Creative,0.0040322580645161
1.5,Creative,0.0033333333333333
1.5,Creative,0.0
1.5,Creative,0.0
1.5,Creative,0.0261194029850746
1.5,Creative,0.0
1.5,Creative,0.0095238095238095
1.5,Creative,0.022140221402214
1.5,Creative,0.0
1.5,Creative,0.0
1.5,Creative,0.0
1.5,Creative,0.0
1.5,Creative,0.0
1.5,Creative,0.0
1.5,Creative,0.0
1.5,Creative,0.0
1.5,Creative,0.0
1.5,Creative,0.0041666666666666
1.5,Creative,0.0
1.5,Creative,0.0851063829787234
1.5,Creative,0.0
1.5,Creative,0.0
1.5,Creative,0.0
1.5,Creative,0.0033112582781456
1.5,Creative,0.003831417624521
1.5,Creative,0.0
1.5,Creative,0.0103092783505154
1.5,Creative,0.0039682539682539
1.5,Creative,0.0092592592592592
1.5,Creative,0.0
1.5,Creative,0.0
1.5,Creative,0.00625
1.5,Creative,0.0
1.5,Creative,0.017094017094017
1.5,Creative,0.0
1.5,Creative,0.0172413793103448
1.5,Creative,0.0061538461538461
1.5,Creative,0.0
1.5,Creative,0.0
1.5,Creative,0.0107142857142857
1.5,Creative,0.0
1.5,Creative,0.0
1.5,Creative,0.0
1.5,Creative,0.0
1.5,Creative,0.0
1.5,Creative,0.0
1.5,Creative,0.0229885057471264
1.5,Creative,0.0151515151515151
1.5,Creative,0.024024024024024
1.5,Creative,0.0072463768115942
1.5,Creative,0.009009009009009
1.5,Creative,0.0
1.5,Creative,0.0210526315789473
1.5,Creative,0.009009009009009
1.5,Creative,0.0
1.5,Creative,0.0
1.5,Creative,0.0
1.5,Creative,0.0
1.5,Creative,0.0
1.5,Creative,0.0
1.5,Creative,0.0
1.5,Creative,0.0
1.5,Creative,0.0
1.5,Creative,0.0153846153846153
1.5,Creative,0.003875968992248
1.5,Creative,0.0094936708860759
1.5,Creative,0.0036764705882352
1.5,Creative,0.0
1.5,Creative,0.0534351145038167
1.5,Creative,0.0
1.5,Creative,0.0
1.5,Creative,0.0
1.5,Creative,0.0
1.5,Creative,0.02
1.5,Creative,0.0
1.5,Creative,0.0
1.5,Creative,0.0128617363344051
1.5,Creative,0.010204081632653
1.5,Creative,0.0
1.5,Creative,0.0
1.5,Creative,0.0
1.5,Creative,0.0
1.5,Creative,0.0
1.5,Creative,0.0056818181818181
1.5,Creative,0.0309278350515463
1.5,Creative,0.0
1.5,Creative,0.0
1.5,Creative,0.0037878787878787
1.5,Creative,0.0
1.5,Creative,0.0030395136778115
1.5,Creative,0.0
1.5,Creative,0.0
1.5,Creative,0.0
1.5,Creative,0.0
1.5,Creative,0.0
1.5,Creative,0.0033333333333333
1.5,Creative,0.0
1.5,Creative,0.0
1.5,Creative,0.0
1.5,Creative,0.0
1.5,Creative,0.0171232876712328
1.5,Creative,0.0310344827586206
1.5,Creative,0.0
1.5,Creative,0.0
1.5,Creative,0.0041322314049586
1.5,Creative,0.0
1.5,Creative,0.0
1.5,Creative,0.0
1.5,Creative,0.002840909090909
1.5,Creative,0.0
1.5,Creative,0.0168918918918918
1.5,Creative,0.0
1.5,Creative,0.0
1.5,Creative,0.02
1.5,Creative,0.0166666666666666
1.5,Creative,0.0
1.5,Creative,0.0
1.5,Creative,0.0
1.5,Creative,0.0
1.5,Creative,0.0
1.5,Creative,0.0
1.5,Creative,0.0
1.5,Creative,0.0
1.5,Creative,0.0
1.5,Creative,0.0058823529411764
1.5,Creative,0.010752688172043
1.5,Creative,0.0
1.5,Creative,0.0
1.5,Creative,0.0902777777777777
1.5,Creative,0.0189274447949526
1.5,Creative,0.0
1.5,Creative,0.0
1.5,Creative,0.0
1.5,Creative,0.0
1.5,Creative,0.0
1.5,Creative,0.0
1.5,Creative,0.01171875
1.5,Creative,0.0067114093959731
1.5,Creative,0.0166666666666666
1.5,Creative,0.0
1.5,Creative,0.0
1.5,Creative,0.0
1.5,Creative,0.0
1.5,Creative,0.0
1.5,Creative,0.0072992700729927
1.5,Creative,0.0
1.5,Creative,0.0045662100456621
1.5,Creative,0.0044642857142857
1.5,Creative,0.0
1.5,Creative,0.0028818443804034
1.5,Creative,0.0
1.5,Creative,0.0048426150121065
1.5,Creative,0.0067114093959731
1.5,Creative,0.0158730158730158
1.5,Creative,0.0063897763578274
1.5,Creative,0.0
1.5,Creative,0.1048951048951049
1.5,Creative,0.0
1.5,Creative,0.0
1.5,Creative,0.0
1.5,Creative,0.0071174377224199
1.5,Creative,0.009009009009009
1.5,Creative,0.0
1.5,Creative,0.0031645569620253
1.5,Creative,0.0
1.5,Creative,0.0
1.5,Creative,0.0
1.5,Creative,0.0
1.5,Creative,0.0031446540880503
1.5,Creative,0.0
1.5,Creative,0.0173010380622837
1.5,Creative,0.0
1.5,Creative,0.0070422535211267
1.5,Creative,0.017921146953405
1.5,Creative,0.0134228187919463
1.5,Creative,0.0
1.5,Creative,0.0
1.5,Creative,0.0
1.5,Creative,0.0
1.5,Creative,0.0
1.5,Creative,0.0028490028490028
1.5,Creative,0.0
1.5,Creative,0.0
1.5,Creative,0.0
1.5,Creative,0.0059171597633136
1.5,Creative,0.0406779661016949
1.5,Creative,0.0035971223021582
1.5,Creative,0.0
1.5,Creative,0.0240641711229946
1.5,Creative,0.0709219858156028
1.5,Creative,0.0
1.5,Creative,0.0
1.5,Creative,0.0186567164179104
1.5,Creative,0.0032467532467532
1.5,Creative,0.0
1.5,Creative,0.0087719298245614
1.5,Creative,0.0
1.5,Creative,0.0
1.5,Creative,0.0
1.5,Creative,0.0
1.5,Creative,0.0
1.5,Creative,0.0
1.5,Creative,0.0166666666666666
1.5,Creative,0.0344827586206896
1.5,Creative,0.0031847133757961
1.5,Creative,0.0875912408759124
1.5,Creative,0.0
1.5,Creative,0.0
1.5,Creative,0.0
1.5,Creative,0.0
1.5,Creative,0.0
1.5,Creative,0.0
1.5,Creative,0.0
1.5,Creative,
1.5,Creative,
1.5,Creative,
1.5,Creative,
1.5,Creative,
1.5,Faq,0.0388349514563106
1.5,Faq,0.0
1.5,Faq,0.0
1.5,Faq,0.0
1.5,Faq,0.0035714285714285
1.5,Faq,0.0331325301204819
1.5,Faq,0.0344827586206896
1.5,Faq,0.0
1.5,Faq,0.044776119402985
1.5,Faq,0.0032362459546925
1.5,Faq,0.0
1.5,Faq,0.0
1.5,Faq,0.0
1.5,Faq,0.0
1.5,Faq,0.0
1.5,Faq,0.0
1.5,Faq,0.0
1.5,Faq,0.0023923444976076
1.5,Faq,0.0
1.5,Faq,0.0
1.5,Faq,0.0
1.5,Faq,0.0
1.5,Faq,0.0
1.5,Faq,0.0
1.5,Faq,0.0
1.5,Faq,0.0
1.5,Faq,0.0
1.5,Faq,0.5780141843971631
1.5,Faq,0.0
1.5,Faq,0.0
1.5,Faq,0.0178571428571428
1.5,Faq,0.0
1.5,Faq,0.0083102493074792
1.5,Faq,0.0
1.5,Faq,0.0031645569620253
1.5,Faq,0.0231788079470198
1.5,Faq,0.0472972972972973
1.5,Faq,0.0
1.5,Faq,0.045045045045045
1.5,Faq,0.0
1.5,Faq,0.0
1.5,Faq,0.0
1.5,Faq,0.0
1.5,Faq,0.0
1.5,Faq,0.0
1.5,Faq,0.0
1.5,Faq,0.0
1.5,Faq,0.0
1.5,Faq,0.0020833333333333
1.5,Faq,0.0025380710659898
1.5,Faq,0.0
1.5,Faq,0.0
1.5,Faq,0.0
1.5,Faq,0.0
1.5,Faq,0.0
1.5,Faq,0.0
1.5,Faq,0.0
1.5,Faq,0.5817610062893082
1.5,Faq,0.0
1.5,Faq,0.0
1.5,Faq,0.0216450216450216
1.5,Faq,0.0
1.5,Faq,0.0
1.5,Faq,0.0
1.5,Faq,0.0033333333333333
1.5,Faq,0.0200445434298441
1.5,Faq,0.037037037037037
1.5,Faq,0.0
1.5,Faq,0.0517241379310344
1.5,Faq,0.0
1.5,Faq,0.0
1.5,Faq,0.0074349442379182
1.5,Faq,0.0
1.5,Faq,0.0
1.5,Faq,0.0
1.5,Faq,0.0
1.5,Faq,0.0
1.5,Faq,0.0024875621890547
1.5,Faq,0.0
1.5,Faq,0.0028490028490028
1.5,Faq,0.0376470588235294
1.5,Faq,0.0
1.5,Faq,0.0
1.5,Faq,0.0
1.5,Faq,0.0054054054054054
1.5,Faq,0.0
1.5,Faq,0.0
1.5,Faq,0.0
1.5,Faq,0.0
1.5,Faq,0.0068493150684931
1.5,Faq,0.0
1.5,Faq,0.023598820058997
1.5,Faq,0.0
1.5,Faq,0.0482758620689655
1.5,Faq,0.5897435897435898
1.5,Faq,0.0
1.5,Faq,0.0127226463104325
1.5,Faq,0.0036496350364963
1.5,Faq,0.3333333333333333
1.5,Faq,0.0
1.5,Faq,0.0
1.5,Faq,0.00390625
1.5,Faq,0.0
1.5,Faq,0.0
1.5,Faq,0.0021008403361344
1.5,Faq,0.0
1.5,Faq,0.0451612903225806
1.5,Faq,0.0
1.5,Faq,0.0
1.5,Faq,0.0
1.5,Faq,0.0
1.5,Faq,0.0023866348448687
1.5,Faq,0.0
1.5,Faq,0.0026178010471204
1.5,Faq,0.0100334448160535
1.5,Faq,0.0
1.5,Faq,0.0
1.5,Faq,0.0178571428571428
1.5,Faq,0.0
1.5,Faq,0.0308641975308641
1.5,Faq,0.0
1.5,Faq,0.0026954177897574
1.5,Faq,0.0
1.5,Faq,0.037037037037037
1.5,Faq,0.0
1.5,Faq,0.0
1.5,Faq,0.0
1.5,Faq,0.0
1.5,Faq,0.5773195876288659
1.5,Faq,0.0
1.5,Faq,0.0037878787878787
1.5,Faq,0.0
1.5,Faq,0.0
1.5,Faq,0.0
1.5,Faq,0.0
1.5,Faq,0.0
1.5,Faq,0.0
1.5,Faq,0.0025252525252525
1.5,Faq,0.0
1.5,Faq,0.0025974025974025
1.5,Faq,0.0
1.5,Faq,0.0
1.5,Faq,0.0
1.5,Faq,0.0
1.5,Faq,0.0
1.5,Faq,0.0
1.5,Faq,0.0
1.5,Faq,0.589041095890411
1.5,Faq,0.0
1.5,Faq,0.0
1.5,Faq,0.0495495495495495
1.5,Faq,0.0
1.5,Faq,0.0
1.5,Faq,0.0
1.5,Faq,0.0
1.5,Faq,0.0155038759689922
1.5,Faq,0.0392156862745098
1.5,Faq,0.0
1.5,Faq,0.0612244897959183
1.5,Faq,0.0
1.5,Faq,0.0
1.5,Faq,0.0100334448160535
1.5,Faq,0.0
1.5,Faq,0.0
1.5,Faq,0.0
1.5,Faq,0.0
1.5,Faq,0.0
1.5,Faq,0.0
1.5,Faq,0.0
1.5,Faq,0.0028169014084507
1.5,Faq,0.0
1.5,Faq,0.0085470085470085
1.5,Faq,0.0
1.5,Faq,0.0
1.5,Faq,0.0159574468085106
1.5,Faq,0.0
1.5,Faq,0.0
1.5,Faq,0.0
1.5,Faq,0.0
1.5,Faq,0.0030959752321981
1.5,Faq,0.0025316455696202
1.5,Faq,0.5968379446640316
1.5,Faq,0.0
1.5,Faq,0.0101694915254237
1.5,Faq,0.0
1.5,Faq,0.0146198830409356
1.5,Faq,0.029940119760479
1.5,Faq,0.0
1.5,Faq,0.0483870967741935
1.5,Faq,0.0
1.5,Faq,0.0
1.5,Faq,0.0060240963855421
1.5,Faq,0.0
1.5,Faq,0.0
1.5,Faq,0.0239234449760765
1.5,Faq,0.0
1.5,Faq,0.0
1.5,Faq,0.0
1.5,Faq,0.0029239766081871
1.5,Faq,0.0
1.5,Faq,0.0
1.5,Faq,0.0
1.5,Faq,0.0033670033670033
1.5,Faq,0.0
1.5,Faq,0.0236842105263157
1.5,Faq,0.0029154518950437
1.5,Faq,0.027027027027027
1.5,Faq,0.0
1.5,Faq,0.0
1.5,Faq,0.0
1.5,Faq,0.0530973451327433
1.5,Faq,0.0
1.5,Faq,0.0
1.5,Faq,0.0
1.5,Faq,0.0
1.5,Faq,0.0
1.5,Faq,0.0
1.5,Faq,0.0
1.5,Faq,0.0
1.5,Faq,0.0
1.5,Faq,0.506993006993007
1.5,Faq,0.0
1.5,Faq,0.0
1.5,Faq,0.0
1.5,Faq,0.0050761421319796
1.5,Faq,0.0
1.5,Faq,0.0
1.5,Faq,0.0027247956403269
1.5,Faq,0.0
1.5,Faq,0.0028089887640449
1.5,Faq,0.0
1.5,Faq,0.0
1.5,Faq,0.0
1.5,Faq,0.0
1.5,Faq,0.0
1.5,Faq,0.0
1.5,Faq,0.0
1.5,Faq,0.5821917808219178
1.5,Faq,0.0
1.5,Faq,0.0
1.5,Faq,0.0338983050847457
1.5,Faq,0.0
1.5,Faq,0.0
1.5,Faq,0.0
1.5,Faq,0.009933774834437
1.5,Faq,0.0201005025125628
1.5,Faq,0.0352112676056338
1.5,Faq,0.0
1.5,Faq,0.0495867768595041
1.5,Faq,0.003125
1.5,Faq,0.0
1.5,Faq,0.0
1.5,Faq,0.0
1.5,Faq,0.0
1.5,Faq,0.0026737967914438
1.5,Faq,0.0320197044334975
1.5,Faq,0.0
1.5,Faq,0.0
1.5,Faq,0.0
1.5,Faq,0.0
1.5,Faq,0.0
1.5,Faq,0.0025062656641604
1.5,Faq,0.0034364261168384
1.5,Faq,0.0
1.5,Faq,0.021505376344086
1.5,Faq,0.0026315789473684
1.5,Faq,0.0
1.5,Faq,0.031055900621118
1.5,Faq,0.0
1.5,Faq,0.0
1.5,Faq,0.3333333333333333
1.5,Faq,0.0042194092827004
1.5,Faq,0.0
1.5,Faq,0.003125
1.5,Faq,0.0
1.5,Faq,0.0
1.5,Faq,0.0031746031746031
1.5,Faq,0.0078740157480314
1.5,Faq,0.0
1.5,Faq,0.5308219178082192
1.5,Faq,0.0
1.5,Faq,0.0
1.5,Faq,0.0
1.5,Faq,0.0068259385665529
1.5,Faq,0.0024038461538461
1.5,Faq,0.0
1.5,Faq,0.0
1.5,Faq,0.0
1.5,Faq,0.0
1.5,Faq,0.0027027027027027
1.5,Faq,0.0
1.5,Faq,0.0
1.5,Faq,0.0
1.5,Faq,0.0
1.5,Faq,0.0
1.5,Faq,0.0
1.5,Faq,0.0
1.5,Faq,0.5689655172413793
1.5,Faq,0.0
1.5,Faq,0.0
1.5,Faq,0.0141509433962264
1.5,Faq,0.0
1.5,Faq,0.0
1.5,Faq,0.0
1.5,Faq,0.0070671378091872
1.5,Faq,0.023076923076923
1.5,Faq,0.0331125827814569
1.5,Faq,0.0
1.5,Faq,0.3333333333333333
1.5,Faq,0.0
1.5,Faq,0.0
1.5,Faq,0.0
1.5,Faq,0.0
1.5,Faq,0.0
1.5,Faq,0.0320197044334975
1.5,Faq,0.0
1.5,Faq,0.0
1.5,Faq,0.0
1.5,Faq,0.0
1.5,Faq,0.0
1.5,Faq,0.0
1.5,Faq,0.0035211267605633
1.5,Faq,0.0026178010471204
1.5,Faq,0.0205479452054794
1.5,Faq,0.0
1.5,Faq,0.0381679389312977
1.5,Faq,0.0026455026455026
1.5,Faq,0.0
1.5,Faq,0.0
1.5,Faq,0.0560747663551401
1.5,Faq,0.0158730158730158
1.5,Faq,0.0
1.5,Faq,0.0
1.5,Faq,0.0
1.5,Faq,0.0
1.5,Faq,0.0
1.5,Faq,0.0074906367041198
1.5,Faq,0.0
1.5,Faq,0.0
1.5,Faq,0.0
1.5,Faq,0.0
1.5,Faq,0.53125
1.5,Faq,0.0
1.5,Faq,0.0
1.5,Faq,0.0
1.5,Faq,0.0
1.5,Faq,0.0
1.5,Faq,0.0
1.5,Faq,0.0
1.5,Faq,0.0027932960893854
1.5,Faq,0.0
1.5,Faq,0.0
1.5,Faq,0.0
1.5,Faq,0.0
1.5,Faq,0.0
1.5,Faq,0.0
1.5,Faq,0.0
1.5,Faq,0.5654761904761905
1.5,Faq,0.0
1.5,Faq,0.0
1.5,Faq,
1.5,Faq,
1.5,Faq,
1.5,Faq,
1.5,Faq,
1.5,Multiple,0.0
1.5,Multiple,0.0027397260273972
1.5,Multiple,0.0062893081761006
1.5,Multiple,0.0
1.5,Multiple,0.0
1.5,Multiple,0.0057803468208092
1.5,Multiple,0.0229885057471264
1.5,Multiple,0.0024509803921568
1.5,Multiple,0.0
1.5,Multiple,0.0029673590504451
1.5,Multiple,0.0058823529411764
1.5,Multiple,0.0048543689320388
1.5,Multiple,0.0
1.5,Multiple,0.0031055900621118
1.5,Multiple,0.0075757575757575
1.5,Multiple,0.0023364485981308
1.5,Multiple,0.0
1.5,Multiple,0.0088495575221238
1.5,Multiple,0.0113314447592068
1.5,Multiple,0.0
1.5,Multiple,0.0
1.5,Multiple,0.0028169014084507
1.5,Multiple,0.0072992700729927
1.5,Multiple,0.0
1.5,Multiple,0.0
1.5,Multiple,0.003076923076923
1.5,Multiple,0.0171919770773638
1.5,Multiple,0.005089058524173
1.5,Multiple,0.0
1.5,Multiple,0.0
1.5,Multiple,0.010840108401084
1.5,Multiple,0.0
1.5,Multiple,0.0
1.5,Multiple,0.0058997050147492
1.5,Multiple,0.0087209302325581
1.5,Multiple,0.0
1.5,Multiple,0.0
1.5,Multiple,0.0031152647975077
1.5,Multiple,0.0152905198776758
1.5,Multiple,0.0
1.5,Multiple,0.0
1.5,Multiple,0.0062305295950155
1.5,Multiple,0.035264483627204
1.5,Multiple,0.0
1.5,Multiple,0.0
1.5,Multiple,0.0
1.5,Multiple,0.0057971014492753
1.5,Multiple,0.0
1.5,Multiple,
1.5,Multiple,
1.5,Multiple,
1.5,Multiple,
1.5,Multiple,
1.5,Non,0.0
1.5,Non,0.0
1.5,Non,0.0
1.5,Non,0.0058479532163742
1.5,Non,0.0
1.5,Non,0.0
1.5,Non,0.0051150895140664
1.5,Non,0.0
1.5,Non,0.0
1.5,Non,0.0
1.5,Non,0.0
1.5,Non,0.0
1.5,Non,0.011142061281337
1.5,Non,0.0
1.5,Non,0.0
1.5,Non,0.0022471910112359
1.5,Non,0.0
1.5,Non,0.0031055900621118
1.5,Non,0.0028089887640449
1.5,Non,0.0027777777777777
1.5,Non,0.0
1.5,Non,0.0
1.5,Non,0.0
1.5,Non,0.0
1.5,Non,0.0
1.5,Non,0.0
1.5,Non,0.0025062656641604
1.5,Non,0.0209580838323353
1.5,Non,0.0
1.5,Non,0.0
1.5,Non,0.0
1.5,Non,0.0
1.5,Non,0.0
1.5,Non,0.0
1.5,Non,0.0052631578947368
1.5,Non,0.0
1.5,Non,0.003012048192771
1.5,Non,0.0
1.5,Non,0.0
1.5,Non,0.0
1.5,Non,0.0026109660574412
1.5,Non,0.0077922077922077
1.5,Non,0.0083798882681564
1.5,Non,0.0
1.5,Non,0.0
1.5,Non,0.0
1.5,Non,0.0
1.5,Non,0.0
1.5,Non,0.0
1.5,Non,0.0
1.5,Non,0.0
1.5,Non,0.0025062656641604
1.5,Non,0.0
1.5,Non,0.0
1.5,Non,0.0
1.5,Non,0.0
1.5,Non,0.0025380710659898
1.5,Non,0.007537688442211
1.5,Non,0.0
1.5,Non,0.0
1.5,Non,0.0
1.5,Non,0.0
1.5,Non,0.0
1.5,Non,0.0027397260273972
1.5,Non,0.0023640661938534
1.5,Non,0.0
1.5,Non,0.0
1.5,Non,0.0
1.5,Non,0.0
1.5,Non,0.0
1.5,Non,0.0
1.5,Non,0.0
1.5,Non,0.0151975683890577
1.5,Non,0.0
1.5,Non,0.0
1.5,Non,0.0023923444976076
1.5,Non,0.0
1.5,Non,0.0
1.5,Non,0.0
1.5,Non,0.0
1.5,Non,0.0029940119760479
1.5,Non,0.0
1.5,Non,0.0
1.5,Non,0.0
1.5,Non,0.0
1.5,Non,0.0
1.5,Non,0.0071090047393364
1.5,Non,0.0156657963446475
1.5,Non,0.0
1.5,Non,0.0
1.5,Non,0.0025445292620865
1.5,Non,0.0
1.5,Non,0.0
1.5,Non,0.0
1.5,Non,0.0025706940874035
1.5,Non,0.0
1.5,Non,0.0
1.5,Non,0.0
1.5,Non,0.0
1.5,Non,0.0
1.5,Non,0.0
1.5,Non,0.0077519379844961
1.5,Non,0.0098039215686274
1.5,Non,0.0
1.5,Non,0.0022371364653243
1.5,Non,0.0
1.5,Non,0.0
1.5,Non,0.0028490028490028
1.5,Non,0.0
1.5,Non,0.0
1.5,Non,0.0
1.5,Non,0.0024390243902439
1.5,Non,0.0
1.5,Non,0.0
1.5,Non,0.0
1.5,Non,0.0
1.5,Non,0.0
1.5,Non,0.0060790273556231
1.5,Non,0.0
1.5,Non,0.0
1.5,Non,0.0
1.5,Non,0.0026109660574412
1.5,Non,0.0
1.5,Non,0.0
1.5,Non,0.0
1.5,Non,0.0025706940874035
1.5,Non,0.0049875311720698
1.5,Non,0.0
1.5,Non,0.0
1.5,Non,0.0
1.5,Non,0.0
1.5,Non,0.0082872928176795
1.5,Non,0.005813953488372
1.5,Non,0.0
1.5,Non,0.0
1.5,Non,0.0
1.5,Non,0.0
1.5,Non,0.0
1.5,Non,0.0
1.5,Non,0.0052910052910052
1.5,Non,0.0
1.5,Non,0.0
1.5,Non,0.0
1.5,Non,0.0
1.5,Non,0.0
1.5,Non,0.0
1.5,Non,0.0
1.5,Non,0.0137457044673539
1.5,Non,0.0
1.5,Non,0.0
1.5,Non,0.0
1.5,Non,0.0
1.5,Non,0.0
1.5,Non,0.0
1.5,Non,0.0
1.5,Non,0.0
1.5,Non,0.0026109660574412
1.5,Non,0.0
1.5,Non,0.0
1.5,Non,0.0
1.5,Non,0.0
1.5,Non,0.0044843049327354
1.5,Non,0.0135593220338983
1.5,Non,0.0
1.5,Non,0.0
1.5,Non,0.0
1.5,Non,0.0
1.5,Non,0.0
1.5,Non,0.0029761904761904
1.5,Non,0.0023980815347721
1.5,Non,0.0
1.5,Non,0.0
1.5,Non,0.0
1.5,Non,0.0026315789473684
1.5,Non,0.0
1.5,Non,0.0
1.5,Non,0.0024630541871921
1.5,Non,0.0087209302325581
1.5,Non,0.0
1.5,Non,0.0
1.5,Non,
1.5,Non,
1.5,Non,
1.5,Non,
1.5,Non,
1.5,Riddles,0.0
1.5,Riddles,0.0
1.5,Riddles,0.0
1.5,Riddles,0.0
1.5,Riddles,0.0
1.5,Riddles,0.0
1.5,Riddles,0.0
1.5,Riddles,0.0
1.5,Riddles,0.0165289256198347
1.5,Riddles,0.0
1.5,Riddles,0.0
1.5,Riddles,0.0
1.5,Riddles,0.0
1.5,Riddles,0.0
1.5,Riddles,0.0
1.5,Riddles,0.0
1.5,Riddles,0.0
1.5,Riddles,0.0
1.5,Riddles,0.0
1.5,Riddles,0.2
1.5,Riddles,0.0
1.5,Riddles,0.0
1.5,Riddles,0.0350877192982456
1.5,Riddles,0.0833333333333333
1.5,Riddles,0.0
1.5,Riddles,0.0
1.5,Riddles,0.0
1.5,Riddles,0.0
1.5,Riddles,0.0
1.5,Riddles,0.0
1.5,Riddles,0.0
1.5,Riddles,0.0
1.5,Riddles,0.0
1.5,Riddles,0.0
1.5,Riddles,0.0
1.5,Riddles,0.0
1.5,Riddles,0.0
1.5,Riddles,0.0
1.5,Riddles,0.0104166666666666
1.5,Riddles,0.0
1.5,Riddles,0.0
1.5,Riddles,0.0
1.5,Riddles,0.0272727272727272
1.5,Riddles,0.0
1.5,Riddles,0.0
1.5,Riddles,0.0
1.5,Riddles,0.0
1.5,Riddles,0.0
1.5,Riddles,0.0047846889952153
1.5,Riddles,0.0
1.5,Riddles,0.0
1.5,Riddles,0.0
1.5,Riddles,0.0166666666666666
1.5,Riddles,0.0769230769230769
1.5,Riddles,0.0
1.5,Riddles,0.0
1.5,Riddles,0.0
1.5,Riddles,0.0
1.5,Riddles,0.0
1.5,Riddles,0.0
1.5,Riddles,0.0
1.5,Riddles,0.0
1.5,Riddles,0.0
1.5,Riddles,0.0
1.5,Riddles,0.0
1.5,Riddles,0.0
1.5,Riddles,0.0
1.5,Riddles,0.0
1.5,Riddles,0.0
1.5,Riddles,0.0
1.5,Riddles,0.0
1.5,Riddles,0.0
1.5,Riddles,0.0
1.5,Riddles,0.0
1.5,Riddles,0.0
1.5,Riddles,0.0
1.5,Riddles,0.0
1.5,Riddles,0.0057471264367816
1.5,Riddles,0.0
1.5,Riddles,1.0
1.5,Riddles,0.0
1.5,Riddles,0.0
1.5,Riddles,0.0
1.5,Riddles,0.0
1.5,Riddles,0.0
1.5,Riddles,0.0
1.5,Riddles,0.0
1.5,Riddles,0.0
1.5,Riddles,0.0
1.5,Riddles,0.0
1.5,Riddles,0.0
1.5,Riddles,0.0
1.5,Riddles,0.0
1.5,Riddles,0.0
1.5,Riddles,0.0
1.5,Riddles,0.0
1.5,Riddles,0.0
1.5,Riddles,0.0
1.5,Riddles,0.0
1.5,Riddles,0.0
1.5,Riddles,0.0
1.5,Riddles,0.0
1.5,Riddles,0.0071942446043165
1.5,Riddles,0.0
1.5,Riddles,0.0
1.5,Riddles,0.0
1.5,Riddles,0.0
1.5,Riddles,0.0
1.5,Riddles,0.0
1.5,Riddles,0.0
1.5,Riddles,0.0
1.5,Riddles,0.0
1.5,Riddles,0.0
1.5,Riddles,0.0
1.5,Riddles,0.0
1.5,Riddles,0.0
1.5,Riddles,0.0
1.5,Riddles,0.0
1.5,Riddles,0.0
1.5,Riddles,0.0
1.5,Riddles,0.0
1.5,Riddles,0.0
1.5,Riddles,0.0
1.5,Riddles,0.0
1.5,Riddles,0.0
1.5,Riddles,0.0
1.5,Riddles,0.0
1.5,Riddles,0.0
1.5,Riddles,0.0
1.5,Riddles,0.0
1.5,Riddles,0.0
1.5,Riddles,0.0
1.5,Riddles,0.0
1.5,Riddles,0.0
1.5,Riddles,0.0
1.5,Riddles,0.0
1.5,Riddles,0.0
1.5,Riddles,0.0
1.5,Riddles,0.0
1.5,Riddles,0.1538461538461538
1.5,Riddles,0.0
1.5,Riddles,0.0
1.5,Riddles,0.0
1.5,Riddles,0.0714285714285714
1.5,Riddles,0.0
1.5,Riddles,0.0
1.5,Riddles,0.0
1.5,Riddles,0.0
1.5,Riddles,0.0
1.5,Riddles,0.0
1.5,Riddles,0.0
1.5,Riddles,0.0
1.5,Riddles,0.0
1.5,Riddles,0.0
1.5,Riddles,0.0
1.5,Riddles,0.0
1.5,Riddles,0.0
1.5,Riddles,0.0
1.5,Riddles,0.0389610389610389
1.5,Riddles,0.0
1.5,Riddles,0.0
1.5,Riddles,0.0
1.5,Riddles,0.0
1.5,Riddles,0.0
1.5,Riddles,0.0
1.5,Riddles,0.0
1.5,Riddles,0.0
1.5,Riddles,0.0
1.5,Riddles,0.0069686411149825
1.5,Riddles,0.0
1.5,Riddles,0.0
1.5,Riddles,0.0
1.5,Riddles,0.0
1.5,Riddles,0.0
1.5,Riddles,0.0
1.5,Riddles,0.0
1.5,Riddles,0.0
1.5,Riddles,0.0
1.5,Riddles,0.0
1.5,Riddles,0.0
1.5,Riddles,0.0
1.5,Riddles,0.0
1.5,Riddles,0.0
1.5,Riddles,0.0
1.5,Riddles,0.0
1.5,Riddles,0.0
1.5,Riddles,0.0
1.5,Riddles,0.0
1.5,Riddles,0.0
1.5,Riddles,0.0
1.5,Riddles,0.0
1.5,Riddles,0.0
1.5,Riddles,0.0
1.5,Riddles,0.0
1.5,Riddles,0.0
1.5,Riddles,0.0
1.5,Riddles,0.0
1.5,Riddles,0.0
1.5,Riddles,0.0
1.5,Riddles,0.0
1.5,Riddles,0.0
1.5,Riddles,0.0
1.5,Riddles,0.0
1.5,Riddles,0.125
1.5,Riddles,0.0
1.5,Riddles,0.0
1.5,Riddles,0.0
1.5,Riddles,0.0
1.5,Riddles,0.0
1.5,Riddles,0.0
1.5,Riddles,0.0
1.5,Riddles,0.0
1.5,Riddles,0.0
1.5,Riddles,0.0
1.5,Riddles,0.0
1.5,Riddles,0.0
1.5,Riddles,0.0
1.5,Riddles,0.0
1.5,Riddles,0.0142857142857142
1.5,Riddles,0.0
1.5,Riddles,0.0
1.5,Riddles,0.0
1.5,Riddles,0.0
1.5,Riddles,0.0
1.5,Riddles,0.0
1.5,Riddles,0.0
1.5,Riddles,0.0
1.5,Riddles,0.0
1.5,Riddles,0.0
1.5,Riddles,0.0
1.5,Riddles,0.0
1.5,Riddles,0.0
1.5,Riddles,0.0
1.5,Riddles,0.0
1.5,Riddles,0.0
1.5,Riddles,0.0
1.5,Riddles,0.0
1.5,Riddles,0.0
1.5,Riddles,0.0
1.5,Riddles,0.0
1.5,Riddles,0.0
1.5,Riddles,0.0
1.5,Riddles,0.0
1.5,Riddles,0.0
1.5,Riddles,0.0
1.5,Riddles,0.0
1.5,Riddles,0.0
1.5,Riddles,0.0
1.5,Riddles,0.0566037735849056
1.5,Riddles,0.0
1.5,Riddles,0.0
1.5,Riddles,0.0
1.5,Riddles,0.008130081300813
1.5,Riddles,0.0
1.5,Riddles,0.0
1.5,Riddles,0.0
1.5,Riddles,0.0
1.5,Riddles,0.0
1.5,Riddles,0.0
1.5,Riddles,0.0
1.5,Riddles,0.0
1.5,Riddles,0.0
1.5,Riddles,0.0194174757281553
1.5,Riddles,0.0
1.5,Riddles,0.0
1.5,Riddles,0.0
1.5,Riddles,0.0
1.5,Riddles,0.0
1.5,Riddles,0.0
1.5,Riddles,0.0
1.5,Riddles,0.0
1.5,Riddles,0.0
1.5,Riddles,0.0
1.5,Riddles,0.0
1.5,Riddles,0.0055555555555555
1.5,Riddles,0.0
1.5,Riddles,0.0
1.5,Riddles,0.0
1.5,Riddles,0.0652173913043478
1.5,Riddles,0.0
1.5,Riddles,0.0
1.5,Riddles,0.0
1.5,Riddles,0.0062111801242236
1.5,Riddles,0.0
1.5,Riddles,0.0
1.5,Riddles,0.0
1.5,Riddles,0.0181818181818181
1.5,Riddles,0.0
1.5,Riddles,0.0
1.5,Riddles,0.0
1.5,Riddles,0.0
1.5,Riddles,0.0
1.5,Riddles,0.0
1.5,Riddles,0.0666666666666666
1.5,Riddles,0.0
1.5,Riddles,0.0
1.5,Riddles,0.0
1.5,Riddles,0.0
1.5,Riddles,0.0
1.5,Riddles,0.0
1.5,Riddles,0.0
1.5,Riddles,0.0
1.5,Riddles,0.0
1.5,Riddles,0.0
1.5,Riddles,0.0
1.5,Riddles,0.0
1.5,Riddles,0.0
1.5,Riddles,0.0
1.5,Riddles,0.0140845070422535
1.5,Riddles,0.0
1.5,Riddles,0.0
1.5,Riddles,0.0
1.5,Riddles,0.0134228187919463
1.5,Riddles,0.0
1.5,Riddles,0.0
1.5,Riddles,0.0
1.5,Riddles,0.0263157894736842
1.5,Riddles,0.0
1.5,Riddles,0.0
1.5,Riddles,0.0
1.5,Riddles,0.0
1.5,Riddles,0.0
1.5,Riddles,0.0
1.5,Riddles,0.0
1.5,Riddles,0.0
1.5,Riddles,0.0
1.5,Riddles,0.0
1.5,Riddles,0.0
1.5,Riddles,0.0
1.5,Riddles,0.0
1.5,Riddles,0.0
1.5,Riddles,0.0
1.5,Riddles,0.0
1.5,Riddles,0.0
1.5,Riddles,0.0
1.5,Riddles,0.0
1.5,Riddles,0.0
1.5,Riddles,0.0
1.5,Riddles,0.0095238095238095
1.5,Riddles,0.0
1.5,Riddles,0.0
1.5,Riddles,0.0
1.5,Riddles,0.0132450331125827
1.5,Riddles,0.0
1.5,Riddles,0.0
1.5,Riddles,0.0
1.5,Riddles,0.0
1.5,Riddles,0.0
1.5,Riddles,0.0
1.5,Riddles,0.0
1.5,Riddles,0.0
1.5,Riddles,0.0
1.5,Riddles,0.0
1.5,Riddles,0.0
1.5,Riddles,0.0
1.5,Riddles,0.0
1.5,Riddles,0.0
1.5,Riddles,0.0
1.5,Riddles,0.0
1.5,Riddles,0.0
1.5,Riddles,
1.5,Riddles,
1.5,Riddles,
1.5,Riddles,
1.5,Riddles,
1.5,Stem,0.0
1.5,Stem,0.0
1.5,Stem,0.0064308681672025
1.5,Stem,0.0
1.5,Stem,0.0
1.5,Stem,0.0
1.5,Stem,0.0
1.5,Stem,0.0
1.5,Stem,0.0
1.5,Stem,0.0
1.5,Stem,0.0053475935828877
1.5,Stem,0.0
1.5,Stem,0.0
1.5,Stem,0.0
1.5,Stem,0.0028011204481792
1.5,Stem,0.0
1.5,Stem,0.0201612903225806
1.5,Stem,0.0
1.5,Stem,0.0
1.5,Stem,0.0
1.5,Stem,0.0
1.5,Stem,0.022875816993464
1.5,Stem,0.0
1.5,Stem,0.0
1.5,Stem,0.0
1.5,Stem,0.0
1.5,Stem,0.0
1.5,Stem,0.0
1.5,Stem,0.0033557046979865
1.5,Stem,0.0092307692307692
1.5,Stem,0.0
1.5,Stem,0.0
1.5,Stem,0.0253968253968253
1.5,Stem,0.0
1.5,Stem,0.0
1.5,Stem,0.0
1.5,Stem,0.0
1.5,Stem,0.0
1.5,Stem,0.0036363636363636
1.5,Stem,0.0
1.5,Stem,0.0100334448160535
1.5,Stem,0.0
1.5,Stem,0.0
1.5,Stem,0.0084269662921348
1.5,Stem,0.0
1.5,Stem,0.0
1.5,Stem,0.0025974025974025
1.5,Stem,0.0
1.5,Stem,0.0
1.5,Stem,0.0
1.5,Stem,0.0
1.5,Stem,0.0031545741324921
1.5,Stem,0.0029940119760479
1.5,Stem,0.0
1.5,Stem,0.0027932960893854
1.5,Stem,0.0029239766081871
1.5,Stem,0.0
1.5,Stem,0.0
1.5,Stem,0.0
1.5,Stem,0.0033222591362126
1.5,Stem,0.0037593984962406
1.5,Stem,0.0
1.5,Stem,0.0066225165562913
1.5,Stem,0.0
1.5,Stem,0.0
1.5,Stem,0.003030303030303
1.5,Stem,0.0
1.5,Stem,0.0025974025974025
1.5,Stem,0.0
1.5,Stem,0.0
1.5,Stem,0.0
1.5,Stem,0.003690036900369
1.5,Stem,0.0033444816053511
1.5,Stem,0.017910447761194
1.5,Stem,0.0
1.5,Stem,0.0
1.5,Stem,0.0237467018469656
1.5,Stem,0.002770083102493
1.5,Stem,0.0060975609756097
1.5,Stem,0.0
1.5,Stem,0.0
1.5,Stem,0.0
1.5,Stem,0.0145985401459854
1.5,Stem,0.0
1.5,Stem,0.0035714285714285
1.5,Stem,0.0
1.5,Stem,0.0
1.5,Stem,0.0
1.5,Stem,0.0
1.5,Stem,0.0029761904761904
1.5,Stem,0.0094637223974763
1.5,Stem,0.0
1.5,Stem,0.0
1.5,Stem,0.012
1.5,Stem,0.0
1.5,Stem,0.0
1.5,Stem,0.0027855153203342
1.5,Stem,0.0069930069930069
1.5,Stem,0.0029498525073746
1.5,Stem,0.0
1.5,Stem,0.0
1.5,Stem,0.0029850746268656
1.5,Stem,0.0
1.5,Stem,0.0
1.5,Stem,0.0074349442379182
1.5,Stem,0.0
1.5,Stem,0.0
1.5,Stem,0.0
1.5,Stem,0.0066889632107023
1.5,Stem,0.0088235294117647
1.5,Stem,0.0059880239520958
1.5,Stem,0.0
1.5,Stem,0.0
1.5,Stem,0.0
1.5,Stem,0.0
1.5,Stem,0.0140350877192982
1.5,Stem,0.0
1.5,Stem,0.0098684210526315
1.5,Stem,0.0027173913043478
1.5,Stem,0.0
1.5,Stem,0.0084507042253521
1.5,Stem,0.0027855153203342
1.5,Stem,0.0031347962382445
1.5,Stem,0.0
1.5,Stem,0.0
1.5,Stem,0.0
1.5,Stem,0.0098684210526315
1.5,Stem,0.003030303030303
1.5,Stem,0.003076923076923
1.5,Stem,0.0028818443804034
1.5,Stem,0.0
1.5,Stem,0.0094936708860759
1.5,Stem,
1.5,Stem,
1.5,Stem,
1.5,Stem,
1.5,Stem,
2.0,Creative,0.0
2.0,Creative,0.0
2.0,Creative,0.014657980456026
2.0,Creative,0.0
2.0,Creative,0.0
2.0,Creative,0.0164948453608247
2.0,Creative,0.0
2.0,Creative,0.0
2.0,Creative,0.0374479889042995
2.0,Creative,0.0257575757575757
2.0,Creative,0.0067114093959731
2.0,Creative,0.0
2.0,Creative,0.0
2.0,Creative,0.013215859030837
2.0,Creative,0.0031347962382445
2.0,Creative,0.0163934426229508
2.0,Creative,0.0
2.0,Creative,0.0
2.0,Creative,0.0334928229665071
2.0,Creative,0.0
2.0,Creative,0.003731343283582
2.0,Creative,0.0093457943925233
2.0,Creative,0.0
2.0,Creative,0.0073529411764705
2.0,Creative,0.0
2.0,Creative,0.0
2.0,Creative,0.0
2.0,Creative,0.0
2.0,Creative,0.0
2.0,Creative,0.0016611295681063
2.0,Creative,0.0119680851063829
2.0,Creative,0.584070796460177
2.0,Creative,0.0
2.0,Creative,0.0
2.0,Creative,0.0
2.0,Creative,0.0
2.0,Creative,0.0
2.0,Creative,0.0
2.0,Creative,0.0024038461538461
2.0,Creative,0.025
2.0,Creative,0.0113636363636363
2.0,Creative,0.0094637223974763
2.0,Creative,0.0
2.0,Creative,0.0194174757281553
2.0,Creative,0.0073170731707317
2.0,Creative,0.0
2.0,Creative,0.0
2.0,Creative,0.0
2.0,Creative,0.013262599469496
2.0,Creative,0.0025906735751295
2.0,Creative,0.0
2.0,Creative,0.0053475935828877
2.0,Creative,0.0
2.0,Creative,0.0
2.0,Creative,0.0
2.0,Creative,0.0
2.0,Creative,0.0051948051948051
2.0,Creative,0.0044150110375275
2.0,Creative,0.0
2.0,Creative,0.0
2.0,Creative,0.0015384615384615
2.0,Creative,0.0
2.0,Creative,0.011686143572621
2.0,Creative,0.0
2.0,Creative,0.0151515151515151
2.0,Creative,0.0054054054054054
2.0,Creative,0.0029673590504451
2.0,Creative,0.0
2.0,Creative,0.0097087378640776
2.0,Creative,0.0
2.0,Creative,0.0
2.0,Creative,0.0
2.0,Creative,0.0
2.0,Creative,0.0031847133757961
2.0,Creative,0.0
2.0,Creative,0.0
2.0,Creative,0.0
2.0,Creative,0.0027777777777777
2.0,Creative,0.0027027027027027
2.0,Creative,0.0
2.0,Creative,0.0
2.0,Creative,0.011686143572621
2.0,Creative,0.0
2.0,Creative,0.0
2.0,Creative,0.0159574468085106
2.0,Creative,0.013029315960912
2.0,Creative,0.0062370062370062
2.0,Creative,0.003610108303249
2.0,Creative,0.0035714285714285
2.0,Creative,0.0
2.0,Creative,0.0
2.0,Creative,0.0
2.0,Creative,0.0872093023255814
2.0,Creative,0.0
2.0,Creative,0.0
2.0,Creative,0.0129198966408268
2.0,Creative,0.0
2.0,Creative,0.0
2.0,Creative,0.0
2.0,Creative,0.0
2.0,Creative,0.0263157894736842
2.0,Creative,0.0
2.0,Creative,0.0030211480362537
2.0,Creative,0.0097323600973236
2.0,Creative,0.0
2.0,Creative,0.0383480825958702
2.0,Creative,0.03
2.0,Creative,0.0090497737556561
2.0,Creative,0.0
2.0,Creative,0.006006006006006
2.0,Creative,0.0
2.0,Creative,0.0
2.0,Creative,0.0092165898617511
2.0,Creative,0.0205655526992287
2.0,Creative,0.0067264573991031
2.0,Creative,0.0043859649122807
2.0,Creative,0.0
2.0,Creative,0.0
2.0,Creative,0.0
2.0,Creative,0.0
2.0,Creative,0.0
2.0,Creative,0.0055096418732782
2.0,Creative,0.0
2.0,Creative,0.0021786492374727
2.0,Creative,0.0
2.0,Creative,0.032520325203252
2.0,Creative,0.0
2.0,Creative,0.0
2.0,Creative,0.0023148148148148
2.0,Creative,0.0
2.0,Creative,0.0
2.0,Creative,0.043859649122807
2.0,Creative,0.0071599045346062
2.0,Creative,0.0069444444444444
2.0,Creative,0.0
2.0,Creative,0.0
2.0,Creative,0.6163265306122448
2.0,Creative,0.0
2.0,Creative,0.0
2.0,Creative,0.0017857142857142
2.0,Creative,0.0
2.0,Creative,0.0
2.0,Creative,0.0
2.0,Creative,0.0355029585798816
2.0,Creative,0.0
2.0,Creative,0.0
2.0,Creative,0.0
2.0,Creative,0.0174418604651162
2.0,Creative,0.0
2.0,Creative,0.0
2.0,Creative,0.0018903591682419
2.0,Creative,0.0
2.0,Creative,0.0191458026509572
2.0,Creative,0.0
2.0,Creative,0.01
2.0,Creative,0.007125890736342
2.0,Creative,0.0117924528301886
2.0,Creative,0.0087565674255691
2.0,Creative,0.0
2.0,Creative,0.0
2.0,Creative,0.0
2.0,Creative,0.0333863275039745
2.0,Creative,0.0
2.0,Creative,0.0
2.0,Creative,0.0
2.0,Creative,0.0
2.0,Creative,0.0
2.0,Creative,0.0
2.0,Creative,0.0
2.0,Creative,0.0442748091603053
2.0,Creative,0.0
2.0,Creative,0.0
2.0,Creative,0.0131578947368421
2.0,Creative,0.0
2.0,Creative,0.0
2.0,Creative,0.0153846153846153
2.0,Creative,0.0
2.0,Creative,0.0025380710659898
2.0,Creative,0.0
2.0,Creative,0.0037105751391465
2.0,Creative,0.002053388090349
2.0,Creative,0.0113636363636363
2.0,Creative,0.0334928229665071
2.0,Creative,0.0
2.0,Creative,0.0
2.0,Creative,0.0301810865191146
2.0,Creative,0.0016181229773462
2.0,Creative,0.0022779043280182
2.0,Creative,0.0
2.0,Creative,0.0
2.0,Creative,0.0
2.0,Creative,0.0
2.0,Creative,0.0
2.0,Creative,0.0039920159680638
2.0,Creative,0.0031645569620253
2.0,Creative,0.009933774834437
2.0,Creative,0.0194444444444444
2.0,Creative,0.0
2.0,Creative,0.0345911949685534
2.0,Creative,0.1
2.0,Creative,0.0024630541871921
2.0,Creative,0.0039682539682539
2.0,Creative,0.0
2.0,Creative,0.0
2.0,Creative,0.0
2.0,Creative,0.0
2.0,Creative,0.0
2.0,Creative,0.0121951219512195
2.0,Creative,0.0
2.0,Creative,0.0
2.0,Creative,0.0051948051948051
2.0,Creative,0.0
2.0,Creative,0.009009009009009
2.0,Creative,0.0
2.0,Creative,0.0
2.0,Creative,0.0
2.0,Creative,0.0070671378091872
2.0,Creative,0.0
2.0,Creative,0.0
2.0,Creative,0.0
2.0,Creative,0.0026109660574412
2.0,Creative,0.0018761726078799
2.0,Creative,0.0
2.0,Creative,0.006787330316742
2.0,Creative,0.0
2.0,Creative,0.0200892857142857
2.0,Creative,0.0
2.0,Creative,0.0
2.0,Creative,0.5951219512195122
2.0,Creative,0.0119453924914675
2.0,Creative,0.0
2.0,Creative,0.0
2.0,Creative,0.0051020408163265
2.0,Creative,0.024390243902439
2.0,Creative,0.0
2.0,Creative,0.0
2.0,Creative,0.0
2.0,Creative,0.0
2.0,Creative,0.0
2.0,Creative,0.010752688172043
2.0,Creative,0.0019011406844106
2.0,Creative,0.0
2.0,Creative,0.0173501577287066
2.0,Creative,0.0
2.0,Creative,0.0
2.0,Creative,0.024024024024024
2.0,Creative,0.0470162748643761
2.0,Creative,0.0
2.0,Creative,0.0
2.0,Creative,0.0021978021978021
2.0,Creative,0.0
2.0,Creative,0.0078895463510848
2.0,Creative,0.0122324159021406
2.0,Creative,0.0
2.0,Creative,0.1910112359550561
2.0,Creative,0.0044247787610619
2.0,Creative,0.0
2.0,Creative,0.0050761421319796
2.0,Creative,0.0063291139240506
2.0,Creative,0.0
2.0,Creative,0.0
2.0,Creative,0.0
2.0,Creative,0.0154639175257731
2.0,Creative,0.0024937655860349
2.0,Creative,0.0
2.0,Creative,0.006060606060606
2.0,Creative,0.0
2.0,Creative,0.017412935323383
2.0,Creative,0.0
2.0,Creative,0.0016977928692699
2.0,Creative,0.0
2.0,Creative,0.5829145728643216
2.0,Creative,0.0023364485981308
2.0,Creative,0.0069930069930069
2.0,Creative,0.0
2.0,Creative,0.0
2.0,Creative,0.0
2.0,Creative,0.0
2.0,Creative,0.0
2.0,Creative,0.0056925996204933
2.0,Creative,0.0
2.0,Creative,0.032069970845481
2.0,Creative,0.0477611940298507
2.0,Creative,0.0101010101010101
2.0,Creative,0.0
2.0,Creative,0.0
2.0,Creative,0.01
2.0,Creative,0.0
2.0,Creative,0.0120481927710843
2.0,Creative,0.0
2.0,Creative,0.0057581573896353
2.0,Creative,0.0048780487804878
2.0,Creative,0.0294117647058823
2.0,Creative,0.0047281323877068
2.0,Creative,0.0
2.0,Creative,0.0020833333333333
2.0,Creative,0.0228426395939086
2.0,Creative,0.0384047267355982
2.0,Creative,0.0
2.0,Creative,0.0303030303030303
2.0,Creative,0.0
2.0,Creative,0.0
2.0,Creative,0.0169014084507042
2.0,Creative,0.0048543689320388
2.0,Creative,0.0
2.0,Creative,0.4493670886075949
2.0,Creative,0.0097087378640776
2.0,Creative,0.0129198966408268
2.0,Creative,0.0
2.0,Creative,0.0
2.0,Creative,0.0061538461538461
2.0,Creative,0.0
2.0,Creative,0.0
2.0,Creative,0.0
2.0,Creative,0.0
2.0,Creative,0.0
2.0,Creative,0.0043383947939262
2.0,Creative,0.0
2.0,Creative,0.0165745856353591
2.0,Creative,0.0
2.0,Creative,0.0
2.0,Creative,0.0
2.0,Creative,0.0051413881748071
2.0,Creative,0.0256410256410256
2.0,Creative,0.0
2.0,Creative,0.0
2.0,Creative,0.0063025210084033
2.0,Creative,0.0035906642728904
2.0,Creative,0.0
2.0,Creative,0.0
2.0,Creative,0.0
2.0,Creative,0.0027247956403269
2.0,Creative,0.0234159779614325
2.0,Creative,0.0
2.0,Creative,0.0083333333333333
2.0,Creative,0.0130548302872062
2.0,Creative,0.0318664643399089
2.0,Creative,0.0
2.0,Creative,0.0
2.0,Creative,0.0070671378091872
2.0,Creative,0.0045454545454545
2.0,Creative,0.0
2.0,Creative,0.0
2.0,Creative,0.0070093457943925
2.0,Creative,0.0
2.0,Creative,0.0203389830508474
2.0,Creative,0.0
2.0,Creative,0.0
2.0,Creative,0.004524886877828
2.0,Creative,0.0
2.0,Creative,0.0132450331125827
2.0,Creative,0.0
2.0,Creative,0.0306859205776173
2.0,Creative,0.0042105263157894
2.0,Creative,0.0
2.0,Creative,0.0
2.0,Creative,0.0
2.0,Creative,0.0157068062827225
2.0,Creative,0.0054644808743169
2.0,Creative,0.00625
2.0,Creative,0.0
2.0,Creative,0.0
2.0,Creative,0.0
2.0,Creative,0.0
2.0,Creative,0.0
2.0,Creative,0.0014992503748125
2.0,Creative,0.0165289256198347
2.0,Creative,0.0
2.0,Creative,0.0032051282051282
2.0,Creative,0.0
2.0,Creative,0.0025510204081632
2.0,Creative,0.0
2.0,Creative,0.0235690235690235
2.0,Creative,0.0
2.0,Creative,0.0038910505836575
2.0,Creative,0.0101419878296146
2.0,Creative,0.0015384615384615
2.0,Creative,0.0
2.0,Creative,0.0
2.0,Creative,0.001763668430335
2.0,Creative,0.0231023102310231
2.0,Creative,0.1076233183856502
2.0,Creative,0.0
2.0,Creative,0.0059701492537313
2.0,Creative,0.002770083102493
2.0,Creative,0.0
2.0,Creative,0.038
2.0,Creative,0.0
2.0,Creative,0.0
2.0,Creative,0.0
2.0,Creative,0.0027855153203342
2.0,Creative,0.0
2.0,Creative,0.0257731958762886
2.0,Creative,0.0
2.0,Creative,0.0
2.0,Creative,0.0
2.0,Creative,0.0025252525252525
2.0,Creative,0.0
2.0,Creative,0.0
2.0,Creative,0.0
2.0,Creative,0.0
2.0,Creative,0.0
2.0,Creative,0.0
2.0,Creative,0.0024449877750611
2.0,Creative,0.0
2.0,Creative,0.0
2.0,Creative,0.0041666666666666
2.0,Creative,0.0
2.0,Creative,0.0592105263157894
2.0,Creative,0.0019455252918287
2.0,Creative,0.0
2.0,Creative,0.0
2.0,Creative,0.0
2.0,Creative,0.0089285714285714
2.0,Creative,0.0
2.0,Creative,0.0035971223021582
2.0,Creative,0.0
2.0,Creative,0.0
2.0,Creative,0.0
2.0,Creative,0.0033222591362126
2.0,Creative,0.0
2.0,Creative,0.0
2.0,Creative,0.0336700336700336
2.0,Creative,0.0
2.0,Creative,0.0117647058823529
2.0,Creative,0.0107816711590296
2.0,Creative,0.0209059233449477
2.0,Creative,0.0
2.0,Creative,0.0047393364928909
2.0,Creative,0.016260162601626
2.0,Creative,0.0
2.0,Creative,0.0017094017094017
2.0,Creative,0.0
2.0,Creative,0.0
2.0,Creative,0.0
2.0,Creative,0.0
2.0,Creative,0.0
2.0,Creative,0.0
2.0,Creative,0.0
2.0,Creative,0.0
2.0,Creative,0.0030959752321981
2.0,Creative,0.0096385542168674
2.0,Creative,0.0029154518950437
2.0,Creative,0.0022935779816513
2.0,Creative,0.5121951219512195
2.0,Creative,0.0288600288600288
2.0,Creative,0.0
2.0,Creative,0.0052631578947368
2.0,Creative,0.0
2.0,Creative,0.0
2.0,Creative,0.0
2.0,Creative,0.0094043887147335
2.0,Creative,0.0057306590257879
2.0,Creative,0.0
2.0,Creative,0.0167130919220055
2.0,Creative,0.0
2.0,Creative,0.0
2.0,Creative,0.0058365758754863
2.0,Creative,0.0
2.0,Creative,0.0
2.0,Creative,0.0
2.0,Creative,0.0020120724346076
2.0,Creative,0.0
2.0,Creative,0.0
2.0,Creative,0.0
2.0,Creative,0.0022321428571428
2.0,Creative,0.0
2.0,Creative,0.0038535645472061
2.0,Creative,0.0038387715930902
2.0,Creative,0.0
2.0,Creative,0.0
2.0,Creative,0.0
2.0,Creative,0.0088495575221238
2.0,Creative,0.5845410628019324
2.0,Creative,0.0168067226890756
2.0,Creative,0.0163551401869158
2.0,Creative,0.0
2.0,Creative,0.031104199066874
2.0,Creative,0.0
2.0,Creative,0.00625
2.0,Creative,0.0
2.0,Creative,0.0
2.0,Creative,0.0078534031413612
2.0,Creative,0.0052493438320209
2.0,Creative,0.018018018018018
2.0,Creative,0.0
2.0,Creative,0.0091074681238615
2.0,Creative,0.0
2.0,Creative,0.0
2.0,Creative,0.0
2.0,Creative,0.0
2.0,Creative,0.0
2.0,Creative,0.0
2.0,Creative,0.0
2.0,Creative,0.0
2.0,Creative,0.0
2.0,Creative,0.0097323600973236
2.0,Creative,0.0
2.0,Creative,0.5440414507772021
2.0,Creative,0.0085653104925053
2.0,Creative,0.0
2.0,Creative,0.0
2.0,Creative,0.0
2.0,Creative,0.0202020202020202
2.0,Creative,0.0021786492374727
2.0,Creative,0.0030721966205837
2.0,Creative,0.0
2.0,Creative,0.0018281535648994
2.0,Creative,0.0
2.0,Creative,0.0
2.0,Creative,0.0035971223021582
2.0,Creative,0.0
2.0,Creative,0.002820874471086
2.0,Creative,0.0
2.0,Creative,0.0114503816793893
2.0,Creative,0.001865671641791
2.0,Creative,0.0
2.0,Creative,0.001639344262295
2.0,Creative,0.0
2.0,Creative,0.0046728971962616
2.0,Creative,0.0212201591511936
2.0,Creative,0.0235690235690235
2.0,Creative,0.0
2.0,Creative,0.0
2.0,Creative,0.0197368421052631
2.0,Creative,0.0
2.0,Creative,0.0
2.0,Creative,0.0
2.0,Creative,0.0
2.0,Creative,0.0
2.0,Creative,0.0
2.0,Creative,0.0022779043280182
2.0,Creative,0.002770083102493
2.0,Creative,0.0309278350515463
2.0,Creative,0.0
2.0,Creative,0.0
2.0,Creative,0.0
2.0,Creative,0.6290322580645161
2.0,Creative,0.007168458781362
2.0,Creative,0.0019120458891013
2.0,Creative,0.0054495912806539
2.0,Creative,0.0
2.0,Creative,0.0
2.0,Creative,0.0115273775216138
2.0,Creative,0.0027397260273972
2.0,Creative,0.0034129692832764
2.0,Creative,0.0547550432276657
2.0,Creative,0.0025125628140703
2.0,Creative,0.0
2.0,Creative,0.0092592592592592
2.0,Creative,0.0
2.0,Creative,0.0
2.0,Creative,0.0
2.0,Creative,0.0
2.0,Creative,0.0085034013605442
2.0,Creative,0.001727115716753
2.0,Creative,0.0
2.0,Creative,0.0017953321364452
2.0,Creative,0.0
2.0,Creative,0.0
2.0,Creative,0.0
2.0,Creative,0.0190274841437632
2.0,Creative,0.0
2.0,Creative,0.0414201183431952
2.0,Creative,0.0
2.0,Creative,0.0
2.0,Creative,0.0
2.0,Creative,0.0078740157480314
2.0,Creative,0.0123456790123456
2.0,Creative,0.0
2.0,Creative,0.0
2.0,Creative,0.0
2.0,Creative,0.0
2.0,Creative,0.0
2.0,Creative,0.0
2.0,Creative,0.0
2.0,Creative,0.0
2.0,Creative,0.0016949152542372
2.0,Creative,0.0
2.0,Creative,0.0184049079754601
2.0,Creative,0.0116822429906542
2.0,Creative,0.0331125827814569
2.0,Creative,0.0026737967914438
2.0,Creative,0.0
2.0,Creative,0.006578947368421
2.0,Creative,0.0026109660574412
2.0,Creative,0.0
2.0,Creative,0.0
2.0,Creative,0.0
2.0,Creative,0.0
2.0,Creative,0.0
2.0,Creative,0.0119331742243436
2.0,Creative,0.0
2.0,Creative,0.0146520146520146
2.0,Creative,0.0018726591760299
2.0,Creative,0.0
2.0,Creative,0.0232558139534883
2.0,Creative,0.0419047619047619
2.0,Creative,0.0
2.0,Creative,0.0140105078809106
2.0,Creative,0.0059701492537313
2.0,Creative,0.0
2.0,Creative,0.0
2.0,Creative,0.0099502487562189
2.0,Creative,
2.0,Creative,
2.0,Creative,
2.0,Creative,
2.0,Creative,
2.0,Faq,0.0167224080267558
2.0,Faq,0.0
2.0,Faq,0.0
2.0,Faq,0.0
2.0,Faq,0.0185758513931888
2.0,Faq,0.0204081632653061
2.0,Faq,0.0153321976149914
2.0,Faq,0.0144927536231884
2.0,Faq,0.0
2.0,Faq,0.0
2.0,Faq,0.0016528925619834
2.0,Faq,0.0232558139534883
2.0,Faq,0.0
2.0,Faq,0.0024752475247524
2.0,Faq,0.0091116173120728
2.0,Faq,0.0
2.0,Faq,0.0223463687150838
2.0,Faq,0.0042826552462526
2.0,Faq,0.0097799511002444
2.0,Faq,0.0
2.0,Faq,0.0052356020942408
2.0,Faq,0.0567375886524822
2.0,Faq,0.0
2.0,Faq,0.0
2.0,Faq,0.0
2.0,Faq,0.0
2.0,Faq,0.0
2.0,Faq,0.0021459227467811
2.0,Faq,0.0
2.0,Faq,0.0019193857965451
2.0,Faq,0.0
2.0,Faq,0.0
2.0,Faq,0.0
2.0,Faq,0.0
2.0,Faq,0.0020283975659229
2.0,Faq,0.0
2.0,Faq,0.0071942446043165
2.0,Faq,0.0
2.0,Faq,0.0
2.0,Faq,0.0
2.0,Faq,0.0
2.0,Faq,0.0
2.0,Faq,0.0036231884057971
2.0,Faq,0.0
2.0,Faq,0.0
2.0,Faq,0.0
2.0,Faq,0.0019305019305019
2.0,Faq,0.0
2.0,Faq,0.0
2.0,Faq,0.0
2.0,Faq,0.0
2.0,Faq,0.0
2.0,Faq,0.0
2.0,Faq,0.0
2.0,Faq,0.0
2.0,Faq,0.0
2.0,Faq,0.0
2.0,Faq,0.0034965034965034
2.0,Faq,0.0
2.0,Faq,0.0
2.0,Faq,0.0262582056892779
2.0,Faq,0.0
2.0,Faq,0.0022371364653243
2.0,Faq,0.0
2.0,Faq,0.0094562647754137
2.0,Faq,0.032258064516129
2.0,Faq,0.0113421550094517
2.0,Faq,0.0097560975609756
2.0,Faq,0.0
2.0,Faq,0.0078369905956112
2.0,Faq,0.0
2.0,Faq,0.0384615384615384
2.0,Faq,0.0
2.0,Faq,0.0
2.0,Faq,0.0261627906976744
2.0,Faq,0.0
2.0,Faq,0.0181818181818181
2.0,Faq,0.0020576131687242
2.0,Faq,0.0137741046831955
2.0,Faq,0.0
2.0,Faq,0.0
2.0,Faq,0.0666666666666666
2.0,Faq,0.0
2.0,Faq,0.0025641025641025
2.0,Faq,0.0262295081967213
2.0,Faq,0.0018552875695732
2.0,Faq,0.0
2.0,Faq,0.0
2.0,Faq,0.0
2.0,Faq,0.0
2.0,Faq,0.0
2.0,Faq,0.0
2.0,Faq,0.0
2.0,Faq,0.0
2.0,Faq,0.0
2.0,Faq,0.0145772594752186
2.0,Faq,0.0
2.0,Faq,0.0
2.0,Faq,0.0188323917137476
2.0,Faq,0.0
2.0,Faq,0.0
2.0,Faq,0.0116959064327485
2.0,Faq,0.0
2.0,Faq,0.0016
2.0,Faq,0.0
2.0,Faq,0.0016528925619834
2.0,Faq,0.005
2.0,Faq,0.0432692307692307
2.0,Faq,0.0
2.0,Faq,0.0
2.0,Faq,0.0
2.0,Faq,0.0051282051282051
2.0,Faq,0.0
2.0,Faq,0.0
2.0,Faq,0.0030395136778115
2.0,Faq,0.0
2.0,Faq,0.0022471910112359
2.0,Faq,0.0
2.0,Faq,0.0
2.0,Faq,0.0
2.0,Faq,0.0
2.0,Faq,0.0
2.0,Faq,0.0
2.0,Faq,0.0
2.0,Faq,0.0
2.0,Faq,0.0
2.0,Faq,0.0
2.0,Faq,0.0
2.0,Faq,0.0
2.0,Faq,0.0045523520485584
2.0,Faq,0.0
2.0,Faq,0.0
2.0,Faq,0.0
2.0,Faq,0.5685483870967742
2.0,Faq,0.0
2.0,Faq,0.0
2.0,Faq,0.0092592592592592
2.0,Faq,0.0067340067340067
2.0,Faq,0.0030441400304414
2.0,Faq,0.0
2.0,Faq,0.0
2.0,Faq,0.0061349693251533
2.0,Faq,0.0
2.0,Faq,0.0
2.0,Faq,0.0
2.0,Faq,0.0
2.0,Faq,0.0
2.0,Faq,0.0
2.0,Faq,0.0
2.0,Faq,0.0
2.0,Faq,0.0236686390532544
2.0,Faq,0.0
2.0,Faq,0.0
2.0,Faq,0.0
2.0,Faq,0.0124378109452736
2.0,Faq,0.0241935483870967
2.0,Faq,0.0
2.0,Faq,0.0151770657672849
2.0,Faq,0.0
2.0,Faq,0.0149253731343283
2.0,Faq,0.0
2.0,Faq,0.001610305958132
2.0,Faq,0.0229226361031518
2.0,Faq,0.0421052631578947
2.0,Faq,0.0
2.0,Faq,0.0245901639344262
2.0,Faq,0.0057803468208092
2.0,Faq,0.0
2.0,Faq,0.005524861878453
2.0,Faq,0.0024096385542168
2.0,Faq,0.042016806722689
2.0,Faq,0.0
2.0,Faq,0.0052493438320209
2.0,Faq,0.0
2.0,Faq,0.0
2.0,Faq,0.0017361111111111
2.0,Faq,0.007125890736342
2.0,Faq,0.0436090225563909
2.0,Faq,0.0
2.0,Faq,0.0
2.0,Faq,0.0
2.0,Faq,0.0
2.0,Faq,0.0
2.0,Faq,0.0
2.0,Faq,0.003062787136294
2.0,Faq,0.0
2.0,Faq,0.0
2.0,Faq,0.0
2.0,Faq,0.0267062314540059
2.0,Faq,0.0
2.0,Faq,0.0
2.0,Faq,0.0
2.0,Faq,0.0224525043177892
2.0,Faq,0.0017152658662092
2.0,Faq,0.0065359477124183
2.0,Faq,0.0095238095238095
2.0,Faq,0.0
2.0,Faq,0.00625
2.0,Faq,0.0
2.0,Faq,0.0028571428571428
2.0,Faq,0.0
2.0,Faq,0.0034843205574912
2.0,Faq,0.0427807486631016
2.0,Faq,0.0025125628140703
2.0,Faq,0.0
2.0,Faq,0.0
2.0,Faq,0.0
2.0,Faq,0.0
2.0,Faq,0.0
2.0,Faq,0.0
2.0,Faq,0.5685920577617328
2.0,Faq,0.0
2.0,Faq,0.0
2.0,Faq,0.0
2.0,Faq,0.0081466395112016
2.0,Faq,0.0
2.0,Faq,0.0
2.0,Faq,0.0
2.0,Faq,0.0024752475247524
2.0,Faq,0.0
2.0,Faq,0.0
2.0,Faq,0.5645438898450946
2.0,Faq,0.0
2.0,Faq,0.0
2.0,Faq,0.0
2.0,Faq,0.0
2.0,Faq,0.0018621973929236
2.0,Faq,0.0035906642728904
2.0,Faq,0.0
2.0,Faq,0.0
2.0,Faq,0.0
2.0,Faq,0.0
2.0,Faq,0.0
2.0,Faq,0.0
2.0,Faq,0.0068807339449541
2.0,Faq,0.0
2.0,Faq,0.0
2.0,Faq,0.0089766606822262
2.0,Faq,0.0
2.0,Faq,0.0
2.0,Faq,0.0359848484848484
2.0,Faq,0.0
2.0,Faq,0.0
2.0,Faq,0.0
2.0,Faq,0.0122850122850122
2.0,Faq,0.0226628895184136
2.0,Faq,0.0174418604651162
2.0,Faq,0.0157894736842105
2.0,Faq,0.0
2.0,Faq,0.0
2.0,Faq,0.0
2.0,Faq,0.0310077519379844
2.0,Faq,0.0
2.0,Faq,0.0057306590257879
2.0,Faq,0.0142857142857142
2.0,Faq,0.0
2.0,Faq,0.0239852398523985
2.0,Faq,0.0
2.0,Faq,0.0086455331412103
2.0,Faq,0.0
2.0,Faq,0.0
2.0,Faq,0.0226537216828478
2.0,Faq,0.0
2.0,Faq,0.0
2.0,Faq,0.0014641288433382
2.0,Faq,0.0
2.0,Faq,0.0016835016835016
2.0,Faq,0.0093457943925233
2.0,Faq,0.0
2.0,Faq,0.0016778523489932
2.0,Faq,0.0
2.0,Faq,0.0
2.0,Faq,0.0
2.0,Faq,0.0040899795501022
2.0,Faq,0.0
2.0,Faq,0.0
2.0,Faq,0.0062305295950155
2.0,Faq,0.0
2.0,Faq,0.0150375939849624
2.0,Faq,0.0
2.0,Faq,0.0
2.0,Faq,0.0
2.0,Faq,0.0
2.0,Faq,0.0
2.0,Faq,0.0
2.0,Faq,0.0
2.0,Faq,0.0124378109452736
2.0,Faq,0.003257328990228
2.0,Faq,0.0
2.0,Faq,0.0319148936170212
2.0,Faq,0.002
2.0,Faq,0.006578947368421
2.0,Faq,0.490280777537797
2.0,Faq,0.0085714285714285
2.0,Faq,0.0
2.0,Faq,0.0
2.0,Faq,0.0
2.0,Faq,0.0030395136778115
2.0,Faq,0.0
2.0,Faq,0.0182926829268292
2.0,Faq,0.0451977401129943
2.0,Faq,0.0
2.0,Faq,0.0048780487804878
2.0,Faq,0.0
2.0,Faq,0.0
2.0,Faq,0.0
2.0,Faq,0.0
2.0,Faq,0.0
2.0,Faq,0.0
2.0,Faq,0.0
2.0,Faq,0.5416666666666666
2.0,Faq,0.0
2.0,Faq,0.0
2.0,Faq,0.0044642857142857
2.0,Faq,0.0070175438596491
2.0,Faq,0.0
2.0,Faq,0.0
2.0,Faq,0.0016
2.0,Faq,0.0
2.0,Faq,0.0
2.0,Faq,0.0
2.0,Faq,0.0
2.0,Faq,0.0
2.0,Faq,0.0
2.0,Faq,0.0
2.0,Faq,0.0
2.0,Faq,0.0
2.0,Faq,0.5519031141868512
2.0,Faq,0.0
2.0,Faq,0.0
2.0,Faq,0.0174326465927099
2.0,Faq,0.0
2.0,Faq,0.001841620626151
2.0,Faq,0.0
2.0,Faq,0.0145348837209302
2.0,Faq,0.0236051502145922
2.0,Faq,0.0054347826086956
2.0,Faq,0.0061855670103092
2.0,Faq,0.0544217687074829
2.0,Faq,0.0245499181669394
2.0,Faq,0.0
2.0,Faq,0.0
2.0,Faq,0.0
2.0,Faq,0.0
2.0,Faq,0.0037878787878787
2.0,Faq,0.0
2.0,Faq,0.0163934426229508
2.0,Faq,0.0
2.0,Faq,0.0109689213893967
2.0,Faq,0.0
2.0,Faq,0.0112994350282485
2.0,Faq,0.001564945226917
2.0,Faq,0.0031397174254317
2.0,Faq,0.0
2.0,Faq,0.0377358490566037
2.0,Faq,0.0
2.0,Faq,0.0
2.0,Faq,0.0036036036036036
2.0,Faq,0.0
2.0,Faq,0.0068376068376068
2.0,Faq,0.0
2.0,Faq,0.0
2.0,Faq,0.0
2.0,Faq,0.0
2.0,Faq,0.0129629629629629
2.0,Faq,0.0117647058823529
2.0,Faq,0.0
2.0,Faq,0.0
2.0,Faq,0.0
2.0,Faq,0.0
2.0,Faq,0.0032102728731942
2.0,Faq,0.0016025641025641
2.0,Faq,0.0
2.0,Faq,0.0
2.0,Faq,0.0
2.0,Faq,0.0
2.0,Faq,0.012847965738758
2.0,Faq,0.0
2.0,Faq,0.0
2.0,Faq,0.0244360902255639
2.0,Faq,0.0037593984962406
2.0,Faq,0.001453488372093
2.0,Faq,0.0
2.0,Faq,0.0075187969924812
2.0,Faq,0.0
2.0,Faq,0.0
2.0,Faq,0.0035273368606701
2.0,Faq,0.0
2.0,Faq,0.050632911392405
2.0,Faq,0.0
2.0,Faq,0.0026595744680851
2.0,Faq,0.0
2.0,Faq,0.0
2.0,Faq,0.0
2.0,Faq,0.0
2.0,Faq,0.0
2.0,Faq,0.0
2.0,Faq,0.0
2.0,Faq,0.0
2.0,Faq,0.0019083969465648
2.0,Faq,0.0
2.0,Faq,0.0
2.0,Faq,0.0
2.0,Faq,0.0016
2.0,Faq,0.0
2.0,Faq,0.0
2.0,Faq,0.0017482517482517
2.0,Faq,0.0061349693251533
2.0,Faq,0.0
2.0,Faq,0.0
2.0,Faq,0.0
2.0,Faq,0.0067114093959731
2.0,Faq,0.0
2.0,Faq,0.0
2.0,Faq,0.0
2.0,Faq,0.0
2.0,Faq,0.0
2.0,Faq,0.5899159663865546
2.0,Faq,0.0
2.0,Faq,0.0
2.0,Faq,0.0106761565836298
2.0,Faq,0.0
2.0,Faq,0.0
2.0,Faq,0.0
2.0,Faq,0.0165289256198347
2.0,Faq,0.033596837944664
2.0,Faq,0.0086455331412103
2.0,Faq,0.0
2.0,Faq,0.0372093023255813
2.0,Faq,0.0023584905660377
2.0,Faq,0.0
2.0,Faq,0.002004008016032
2.0,Faq,0.0403877221324717
2.0,Faq,0.0
2.0,Faq,0.0
2.0,Faq,0.0
2.0,Faq,0.0
2.0,Faq,0.0018148820326678
2.0,Faq,0.0131291028446389
2.0,Faq,0.002805049088359
2.0,Faq,0.0316742081447963
2.0,Faq,0.0
2.0,Faq,0.0126903553299492
2.0,Faq,0.0
2.0,Faq,0.0
2.0,Faq,0.0347826086956521
2.0,Faq,0.0033613445378151
2.0,Faq,0.0022421524663677
2.0,Faq,0.0
2.0,Faq,0.0
2.0,Faq,0.0
2.0,Faq,0.0
2.0,Faq,0.0
2.0,Faq,0.0071942446043165
2.0,Faq,0.0
2.0,Faq,0.0
2.0,Faq,0.0
2.0,Faq,0.029126213592233
2.0,Faq,0.0
2.0,Faq,0.0
2.0,Faq,0.0
2.0,Faq,0.0
2.0,Faq,0.0
2.0,Faq,0.0017035775127768
2.0,Faq,0.0
2.0,Faq,0.0
2.0,Faq,0.0
2.0,Faq,0.0
2.0,Faq,0.0
2.0,Faq,0.0151133501259445
2.0,Faq,0.0
2.0,Faq,0.0022271714922048
2.0,Faq,0.017921146953405
2.0,Faq,0.0028449502133712
2.0,Faq,0.010204081632653
2.0,Faq,0.0
2.0,Faq,0.0054127198917456
2.0,Faq,0.0
2.0,Faq,0.0
2.0,Faq,0.0372093023255813
2.0,Faq,0.0
2.0,Faq,0.0
2.0,Faq,0.0
2.0,Faq,0.0
2.0,Faq,0.0
2.0,Faq,0.0
2.0,Faq,0.0
2.0,Faq,0.0020449897750511
2.0,Faq,0.0
2.0,Faq,0.584942084942085
2.0,Faq,0.0
2.0,Faq,0.0
2.0,Faq,0.0
2.0,Faq,0.0048076923076923
2.0,Faq,0.0058708414872798
2.0,Faq,0.0
2.0,Faq,0.0
2.0,Faq,0.0032840722495894
2.0,Faq,0.0
2.0,Faq,0.0
2.0,Faq,0.0
2.0,Faq,0.0
2.0,Faq,0.0
2.0,Faq,0.0
2.0,Faq,0.0
2.0,Faq,0.0
2.0,Faq,0.0
2.0,Faq,0.5394736842105263
2.0,Faq,0.0
2.0,Faq,0.0
2.0,Faq,0.0265151515151515
2.0,Faq,0.0
2.0,Faq,0.0
2.0,Faq,0.0
2.0,Faq,0.0112359550561797
2.0,Faq,0.0271844660194174
2.0,Faq,0.0157894736842105
2.0,Faq,0.0
2.0,Faq,0.0202020202020202
2.0,Faq,0.0031055900621118
2.0,Faq,0.0
2.0,Faq,0.0
2.0,Faq,0.0
2.0,Faq,0.013355592654424
2.0,Faq,0.0
2.0,Faq,0.0
2.0,Faq,0.0046583850931677
2.0,Faq,0.005736137667304
2.0,Faq,0.0
2.0,Faq,0.0
2.0,Faq,0.0129533678756476
2.0,Faq,0.0
2.0,Faq,0.0335731414868105
2.0,Faq,0.0059259259259259
2.0,Faq,0.0103896103896103
2.0,Faq,0.0
2.0,Faq,0.0074074074074074
2.0,Faq,0.0
2.0,Faq,0.0434782608695652
2.0,Faq,0.0
2.0,Faq,0.0025839793281653
2.0,Faq,0.00625
2.0,Faq,0.0
2.0,Faq,0.0
2.0,Faq,0.0
2.0,Faq,0.0
2.0,Faq,0.0
2.0,Faq,0.0027932960893854
2.0,Faq,0.0
2.0,Faq,0.0
2.0,Faq,0.0
2.0,Faq,0.0
2.0,Faq,0.0
2.0,Faq,0.0016666666666666
2.0,Faq,0.0
2.0,Faq,0.0
2.0,Faq,0.0
2.0,Faq,0.0042979942693409
2.0,Faq,0.0031645569620253
2.0,Faq,0.0
2.0,Faq,0.0
2.0,Faq,0.0
2.0,Faq,0.0
2.0,Faq,0.0
2.0,Faq,0.0
2.0,Faq,0.0028735632183908
2.0,Faq,0.0
2.0,Faq,0.5553772070626003
2.0,Faq,0.0
2.0,Faq,0.0
2.0,Faq,
2.0,Faq,
2.0,Faq,
2.0,Faq,
2.0,Faq,
2.0,Multiple,0.0
2.0,Multiple,0.0018726591760299
2.0,Multiple,0.010351966873706
2.0,Multiple,0.0
2.0,Multiple,0.0019960079840319
2.0,Multiple,0.0
2.0,Multiple,0.0079207920792079
2.0,Multiple,0.0
2.0,Multiple,0.0
2.0,Multiple,0.0017761989342806
2.0,Multiple,0.0075757575757575
2.0,Multiple,0.0
2.0,Multiple,0.0
2.0,Multiple,0.0015552099533437
2.0,Multiple,0.0114754098360655
2.0,Multiple,0.0033670033670033
2.0,Multiple,0.0
2.0,Multiple,0.0
2.0,Multiple,0.0140405616224648
2.0,Multiple,0.0
2.0,Multiple,0.0019417475728155
2.0,Multiple,0.0017182130584192
2.0,Multiple,0.0124740124740124
2.0,Multiple,0.0
2.0,Multiple,0.0
2.0,Multiple,0.0022172949002217
2.0,Multiple,0.0045871559633027
2.0,Multiple,0.001937984496124
2.0,Multiple,0.0
2.0,Multiple,0.0016528925619834
2.0,Multiple,0.0091743119266055
2.0,Multiple,0.0
2.0,Multiple,0.0
2.0,Multiple,0.0
2.0,Multiple,0.0149253731343283
2.0,Multiple,0.001592356687898
2.0,Multiple,0.0
2.0,Multiple,0.0
2.0,Multiple,0.0158450704225352
2.0,Multiple,0.0070175438596491
2.0,Multiple,0.0
2.0,Multiple,0.0
2.0,Multiple,0.0144927536231884
2.0,Multiple,0.0
2.0,Multiple,0.0
2.0,Multiple,0.0019685039370078
2.0,Multiple,0.006276150627615
2.0,Multiple,0.0015797788309636
2.0,Multiple,0.001841620626151
2.0,Multiple,0.0
2.0,Multiple,0.0132075471698113
2.0,Multiple,0.0
2.0,Multiple,0.0
2.0,Multiple,0.0015082956259426
2.0,Multiple,0.0161290322580645
2.0,Multiple,0.0
2.0,Multiple,0.0
2.0,Multiple,0.0
2.0,Multiple,0.0121107266435986
2.0,Multiple,0.0035026269702276
2.0,Multiple,0.0
2.0,Multiple,0.0
2.0,Multiple,0.0080906148867313
2.0,Multiple,0.0016638935108153
2.0,Multiple,0.0020283975659229
2.0,Multiple,0.0
2.0,Multiple,0.0106382978723404
2.0,Multiple,0.0
2.0,Multiple,0.0
2.0,Multiple,0.001628664495114
2.0,Multiple,0.0135363790186125
2.0,Multiple,0.0
2.0,Multiple,0.0
2.0,Multiple,0.0
2.0,Multiple,0.0157790927021696
2.0,Multiple,0.0
2.0,Multiple,
2.0,Multiple,
2.0,Multiple,
2.0,Multiple,
2.0,Multiple,
2.0,Non,0.0044843049327354
2.0,Non,0.0022026431718061
2.0,Non,0.0
2.0,Non,0.0
2.0,Non,0.0109289617486338
2.0,Non,0.0
2.0,Non,0.0
2.0,Non,0.0
2.0,Non,0.0019880715705765
2.0,Non,0.0
2.0,Non,0.0
2.0,Non,0.0
2.0,Non,0.0020325203252032
2.0,Non,0.0
2.0,Non,0.0
2.0,Non,0.0
2.0,Non,0.0
2.0,Non,0.0068212824010914
2.0,Non,0.0015290519877675
2.0,Non,0.0126849894291754
2.0,Non,0.0
2.0,Non,0.0085592011412268
2.0,Non,0.0
2.0,Non,0.0
2.0,Non,0.0
2.0,Non,0.0
2.0,Non,0.0039735099337748
2.0,Non,0.0082417582417582
2.0,Non,0.0089399744572158
2.0,Non,0.0
2.0,Non,0.0055045871559633
2.0,Non,0.002262443438914
2.0,Non,0.0021321961620469
2.0,Non,0.0
2.0,Non,0.0
2.0,Non,0.0
2.0,Non,0.0
2.0,Non,0.0028490028490028
2.0,Non,0.0024390243902439
2.0,Non,0.0
2.0,Non,0.0
2.0,Non,0.0038387715930902
2.0,Non,0.0020408163265306
2.0,Non,0.0037523452157598
2.0,Non,0.0
2.0,Non,0.0017035775127768
2.0,Non,0.0
2.0,Non,0.0014556040756914
2.0,Non,0.0040444893832153
2.0,Non,0.0
2.0,Non,0.008695652173913
2.0,Non,0.0
2.0,Non,0.0168711656441717
2.0,Non,0.0
2.0,Non,0.0023201856148491
2.0,Non,0.0
2.0,Non,0.0094876660341555
2.0,Non,0.0024096385542168
2.0,Non,0.0149051490514905
2.0,Non,0.0018939393939393
2.0,Non,0.0185567010309278
2.0,Non,0.0
2.0,Non,0.0182926829268292
2.0,Non,0.0018018018018018
2.0,Non,0.0
2.0,Non,0.0
2.0,Non,0.0053191489361702
2.0,Non,0.0
2.0,Non,0.0021598272138228
2.0,Non,0.0
2.0,Non,0.0
2.0,Non,0.0072254335260115
2.0,Non,0.0157894736842105
2.0,Non,0.0067114093959731
2.0,Non,0.0
2.0,Non,0.0
2.0,Non,0.0022222222222222
2.0,Non,0.0018450184501845
2.0,Non,0.0
2.0,Non,0.0
2.0,Non,0.003257328990228
2.0,Non,0.0
2.0,Non,0.0
2.0,Non,0.0052356020942408
2.0,Non,0.0042194092827004
2.0,Non,0.0
2.0,Non,0.0
2.0,Non,0.0015503875968992
2.0,Non,0.0
2.0,Non,0.0
2.0,Non,0.0
2.0,Non,0.0
2.0,Non,0.0036231884057971
2.0,Non,0.0132939438700147
2.0,Non,0.0120967741935483
2.0,Non,0.0
2.0,Non,0.0
2.0,Non,0.0060150375939849
2.0,Non,0.0
2.0,Non,0.0
2.0,Non,0.0
2.0,Non,0.0
2.0,Non,0.0068259385665529
2.0,Non,0.0120192307692307
2.0,Non,0.0
2.0,Non,0.0062208398133748
2.0,Non,0.0
2.0,Non,0.0
2.0,Non,0.0023584905660377
2.0,Non,0.0018214936247723
2.0,Non,0.0
2.0,Non,0.0031496062992125
2.0,Non,0.0
2.0,Non,0.0
2.0,Non,0.0
2.0,Non,0.0
2.0,Non,0.0127118644067796
2.0,Non,0.0205479452054794
2.0,Non,0.010958904109589
2.0,Non,0.0
2.0,Non,0.0
2.0,Non,0.0
2.0,Non,0.0
2.0,Non,0.0
2.0,Non,0.0
2.0,Non,0.0
2.0,Non,0.0016366612111292
2.0,Non,0.0034662045060658
2.0,Non,0.0
2.0,Non,0.0020283975659229
2.0,Non,0.0
2.0,Non,0.0
2.0,Non,0.0
2.0,Non,0.0
2.0,Non,0.0
2.0,Non,0.0
2.0,Non,0.0042492917847025
2.0,Non,0.0
2.0,Non,0.0219780219780219
2.0,Non,0.0030864197530864
2.0,Non,0.0086805555555555
2.0,Non,0.0015503875968992
2.0,Non,0.0018761726078799
2.0,Non,0.0
2.0,Non,0.0
2.0,Non,0.0
2.0,Non,0.0136570561456752
2.0,Non,0.0054347826086956
2.0,Non,0.0081743869209809
2.0,Non,0.0
2.0,Non,0.0
2.0,Non,0.0023584905660377
2.0,Non,0.0
2.0,Non,0.0
2.0,Non,0.0
2.0,Non,0.0019157088122605
2.0,Non,0.002436053593179
2.0,Non,0.0
2.0,Non,0.0
2.0,Non,0.0
2.0,Non,0.0
2.0,Non,0.0012468827930174
2.0,Non,0.0078431372549019
2.0,Non,0.0106544901065449
2.0,Non,0.0
2.0,Non,0.0
2.0,Non,0.0
2.0,Non,0.0
2.0,Non,0.0
2.0,Non,0.0
2.0,Non,0.0
2.0,Non,0.0029673590504451
2.0,Non,0.0
2.0,Non,0.0
2.0,Non,0.0171428571428571
2.0,Non,0.0
2.0,Non,0.0018832391713747
2.0,Non,0.0
2.0,Non,0.0051724137931034
2.0,Non,0.0027210884353741
2.0,Non,0.0
2.0,Non,0.0083333333333333
2.0,Non,0.0054844606946983
2.0,Non,0.0095497953615279
2.0,Non,0.0
2.0,Non,0.0021929824561403
2.0,Non,0.0047393364928909
2.0,Non,0.0
2.0,Non,0.0022779043280182
2.0,Non,0.0
2.0,Non,0.0
2.0,Non,0.0091185410334346
2.0,Non,0.0076142131979695
2.0,Non,0.0033670033670033
2.0,Non,0.0056022408963585
2.0,Non,0.0
2.0,Non,0.0
2.0,Non,0.0016339869281045
2.0,Non,0.0
2.0,Non,0.0
2.0,Non,0.0
2.0,Non,0.0013477088948787
2.0,Non,0.0
2.0,Non,0.0
2.0,Non,0.0
2.0,Non,0.0
2.0,Non,0.0083798882681564
2.0,Non,0.0100755667506297
2.0,Non,0.0057471264367816
2.0,Non,0.0
2.0,Non,0.006861063464837
2.0,Non,0.0026041666666666
2.0,Non,0.0
2.0,Non,0.0
2.0,Non,0.0033613445378151
2.0,Non,0.0
2.0,Non,0.0027359781121751
2.0,Non,0.0
2.0,Non,0.0
2.0,Non,0.0
2.0,Non,0.0
2.0,Non,0.0
2.0,Non,0.0
2.0,Non,0.0025031289111389
2.0,Non,0.0
2.0,Non,0.0077720207253886
2.0,Non,0.0
2.0,Non,0.0029761904761904
2.0,Non,0.0116472545757071
2.0,Non,0.0
2.0,Non,0.0
2.0,Non,0.0032840722495894
2.0,Non,0.0015197568389057
2.0,Non,0.0
2.0,Non,0.0
2.0,Non,0.0
2.0,Non,0.0117955439056356
2.0,Non,0.0174603174603174
2.0,Non,0.0
2.0,Non,0.0216010165184243
2.0,Non,0.0
2.0,Non,0.0
2.0,Non,0.0
2.0,Non,0.0
2.0,Non,0.0026315789473684
2.0,Non,0.0
2.0,Non,0.0015267175572519
2.0,Non,0.0
2.0,Non,0.0
2.0,Non,0.0
2.0,Non,0.0
2.0,Non,0.0100840336134453
2.0,Non,0.0185567010309278
2.0,Non,0.0087209302325581
2.0,Non,0.0022271714922048
2.0,Non,0.0079681274900398
2.0,Non,0.002079002079002
2.0,Non,0.001763668430335
2.0,Non,0.0099206349206349
2.0,Non,0.0
2.0,Non,0.0016806722689075
2.0,Non,0.0016750418760469
2.0,Non,0.0
2.0,Non,0.0020876826722338
2.0,Non,0.0
2.0,Non,0.0
2.0,Non,0.0057887120115774
2.0,Non,0.0031201248049922
2.0,Non,0.0161290322580645
2.0,Non,0.0047732696897374
2.0,Non,0.0056737588652482
2.0,Non,0.0
2.0,Non,0.0
2.0,Non,0.0
2.0,Non,0.0
2.0,Non,0.0
2.0,Non,0.0
2.0,Non,0.0
2.0,Non,0.0
2.0,Non,0.0
2.0,Non,0.0
2.0,Non,0.006544502617801
2.0,Non,0.0154867256637168
2.0,Non,0.0082191780821917
2.0,Non,0.0
2.0,Non,
2.0,Non,
2.0,Non,
2.0,Non,
2.0,Non,
2.0,Riddles,0.0
2.0,Riddles,0.0
2.0,Riddles,0.0114942528735632
2.0,Riddles,0.0
2.0,Riddles,0.0
2.0,Riddles,0.0
2.0,Riddles,0.0
2.0,Riddles,0.0
2.0,Riddles,0.0
2.0,Riddles,0.0
2.0,Riddles,0.0
2.0,Riddles,0.0
2.0,Riddles,0.0033898305084745
2.0,Riddles,0.0
2.0,Riddles,0.0
2.0,Riddles,0.0
2.0,Riddles,0.0
2.0,Riddles,0.0
2.0,Riddles,0.0
2.0,Riddles,0.0266666666666666
2.0,Riddles,0.0
2.0,Riddles,0.0
2.0,Riddles,0.0
2.0,Riddles,0.0
2.0,Riddles,0.0
2.0,Riddles,0.0
2.0,Riddles,0.0
2.0,Riddles,0.0
2.0,Riddles,0.0
2.0,Riddles,0.0
2.0,Riddles,0.1428571428571428
2.0,Riddles,0.0
2.0,Riddles,0.086021505376344
2.0,Riddles,0.0
2.0,Riddles,0.0
2.0,Riddles,0.0
2.0,Riddles,0.0
2.0,Riddles,0.0
2.0,Riddles,0.0
2.0,Riddles,0.0071942446043165
2.0,Riddles,0.0263157894736842
2.0,Riddles,0.0
2.0,Riddles,0.0
2.0,Riddles,0.0
2.0,Riddles,0.0
2.0,Riddles,0.0
2.0,Riddles,0.025
2.0,Riddles,0.0
2.0,Riddles,0.0048899755501222
2.0,Riddles,0.0
2.0,Riddles,0.0
2.0,Riddles,0.0
2.0,Riddles,0.0
2.0,Riddles,0.0
2.0,Riddles,0.0
2.0,Riddles,0.0
2.0,Riddles,0.0
2.0,Riddles,0.0
2.0,Riddles,0.0
2.0,Riddles,0.0
2.0,Riddles,0.0
2.0,Riddles,0.0067567567567567
2.0,Riddles,0.0
2.0,Riddles,0.0
2.0,Riddles,0.0
2.0,Riddles,0.0
2.0,Riddles,0.0
2.0,Riddles,0.0
2.0,Riddles,0.0294117647058823
2.0,Riddles,0.0
2.0,Riddles,0.0
2.0,Riddles,0.0
2.0,Riddles,0.0
2.0,Riddles,0.0041152263374485
2.0,Riddles,0.0
2.0,Riddles,0.0
2.0,Riddles,0.0
2.0,Riddles,0.0071428571428571
2.0,Riddles,0.0
2.0,Riddles,0.0
2.0,Riddles,0.0232558139534883
2.0,Riddles,0.0
2.0,Riddles,0.0
2.0,Riddles,0.0
2.0,Riddles,0.002840909090909
2.0,Riddles,0.0
2.0,Riddles,0.1
2.0,Riddles,0.0
2.0,Riddles,0.0
2.0,Riddles,0.0416666666666666
2.0,Riddles,0.0
2.0,Riddles,0.0
2.0,Riddles,0.0
2.0,Riddles,0.0
2.0,Riddles,0.0
2.0,Riddles,0.0
2.0,Riddles,0.0
2.0,Riddles,0.0078431372549019
2.0,Riddles,0.0
2.0,Riddles,0.0
2.0,Riddles,0.0
2.0,Riddles,0.0
2.0,Riddles,0.0595238095238095
2.0,Riddles,0.0
2.0,Riddles,0.0
2.0,Riddles,0.0217391304347826
2.0,Riddles,0.0
2.0,Riddles,0.0
2.0,Riddles,0.0
2.0,Riddles,0.0
2.0,Riddles,0.0
2.0,Riddles,0.0
2.0,Riddles,0.0
2.0,Riddles,0.0
2.0,Riddles,0.0
2.0,Riddles,0.0
2.0,Riddles,0.0101010101010101
2.0,Riddles,0.0
2.0,Riddles,0.0
2.0,Riddles,0.0
2.0,Riddles,0.0
2.0,Riddles,0.0
2.0,Riddles,0.0
2.0,Riddles,0.0
2.0,Riddles,0.0
2.0,Riddles,0.0
2.0,Riddles,0.0
2.0,Riddles,0.0
2.0,Riddles,0.0238095238095238
2.0,Riddles,0.0
2.0,Riddles,0.0
2.0,Riddles,0.0
2.0,Riddles,0.0027472527472527
2.0,Riddles,0.0
2.0,Riddles,0.0
2.0,Riddles,0.0
2.0,Riddles,0.0307692307692307
2.0,Riddles,0.0039215686274509
2.0,Riddles,0.0
2.0,Riddles,0.125
2.0,Riddles,0.0
2.0,Riddles,0.0
2.0,Riddles,0.0
2.0,Riddles,0.0
2.0,Riddles,0.0
2.0,Riddles,0.0
2.0,Riddles,0.0105263157894736
2.0,Riddles,0.0416666666666666
2.0,Riddles,0.0
2.0,Riddles,0.0
2.0,Riddles,0.0
2.0,Riddles,0.0
2.0,Riddles,0.0
2.0,Riddles,0.0
2.0,Riddles,0.0
2.0,Riddles,0.0
2.0,Riddles,0.0
2.0,Riddles,0.0
2.0,Riddles,0.4528301886792453
2.0,Riddles,0.0
2.0,Riddles,0.0
2.0,Riddles,0.0
2.0,Riddles,0.0
2.0,Riddles,0.0
2.0,Riddles,0.0029498525073746
2.0,Riddles,0.0
2.0,Riddles,0.0
2.0,Riddles,0.0
2.0,Riddles,0.0
2.0,Riddles,0.0
2.0,Riddles,0.0196078431372549
2.0,Riddles,0.0
2.0,Riddles,0.0
2.0,Riddles,0.0
2.0,Riddles,0.0
2.0,Riddles,0.0
2.0,Riddles,0.0025510204081632
2.0,Riddles,0.1351351351351351
2.0,Riddles,0.0
2.0,Riddles,0.0
2.0,Riddles,0.0
2.0,Riddles,0.0
2.0,Riddles,0.0
2.0,Riddles,0.0
2.0,Riddles,0.0
2.0,Riddles,0.0
2.0,Riddles,0.014336917562724
2.0,Riddles,0.0
2.0,Riddles,0.0
2.0,Riddles,0.0
2.0,Riddles,0.0
2.0,Riddles,0.0
2.0,Riddles,0.0
2.0,Riddles,0.0357142857142857
2.0,Riddles,0.0
2.0,Riddles,0.0
2.0,Riddles,0.0
2.0,Riddles,0.0
2.0,Riddles,0.0
2.0,Riddles,0.0
2.0,Riddles,0.0
2.0,Riddles,0.0
2.0,Riddles,0.0
2.0,Riddles,0.0
2.0,Riddles,0.0
2.0,Riddles,0.0
2.0,Riddles,0.0039840637450199
2.0,Riddles,0.0
2.0,Riddles,0.0
2.0,Riddles,0.0
2.0,Riddles,0.0
2.0,Riddles,0.0
2.0,Riddles,0.0
2.0,Riddles,0.0
2.0,Riddles,0.0
2.0,Riddles,0.0
2.0,Riddles,0.0
2.0,Riddles,0.0
2.0,Riddles,0.0
2.0,Riddles,0.0
2.0,Riddles,0.0
2.0,Riddles,0.0
2.0,Riddles,0.0
2.0,Riddles,0.0
2.0,Riddles,0.0
2.0,Riddles,0.0
2.0,Riddles,0.0123456790123456
2.0,Riddles,0.0
2.0,Riddles,0.0029154518950437
2.0,Riddles,0.0
2.0,Riddles,0.0
2.0,Riddles,0.0
2.0,Riddles,0.0
2.0,Riddles,0.0
2.0,Riddles,0.0
2.0,Riddles,0.0
2.0,Riddles,0.0
2.0,Riddles,0.0
2.0,Riddles,0.0
2.0,Riddles,0.0
2.0,Riddles,0.0
2.0,Riddles,0.0119047619047619
2.0,Riddles,0.0
2.0,Riddles,0.0
2.0,Riddles,0.0
2.0,Riddles,0.0
2.0,Riddles,0.0
2.0,Riddles,0.0
2.0,Riddles,0.0125
2.0,Riddles,0.0
2.0,Riddles,0.0
2.0,Riddles,0.0
2.0,Riddles,0.0055096418732782
2.0,Riddles,0.0
2.0,Riddles,0.0
2.0,Riddles,0.0
2.0,Riddles,0.0
2.0,Riddles,0.0121951219512195
2.0,Riddles,0.0
2.0,Riddles,0.0
2.0,Riddles,0.0
2.0,Riddles,0.0
2.0,Riddles,0.0
2.0,Riddles,0.0
2.0,Riddles,0.0
2.0,Riddles,0.0029154518950437
2.0,Riddles,0.0
2.0,Riddles,0.0
2.0,Riddles,0.0
2.0,Riddles,0.0
2.0,Riddles,0.0
2.0,Riddles,0.0
2.0,Riddles,0.0
2.0,Riddles,0.0
2.0,Riddles,0.0
2.0,Riddles,0.0
2.0,Riddles,0.0
2.0,Riddles,0.0039525691699604
2.0,Riddles,0.0
2.0,Riddles,0.0
2.0,Riddles,0.0
2.0,Riddles,0.0086206896551724
2.0,Riddles,0.0
2.0,Riddles,0.0
2.0,Riddles,0.0
2.0,Riddles,0.0
2.0,Riddles,0.0
2.0,Riddles,0.0
2.0,Riddles,0.0020283975659229
2.0,Riddles,0.0454545454545454
2.0,Riddles,0.0
2.0,Riddles,0.0289855072463768
2.0,Riddles,0.0
2.0,Riddles,0.0
2.0,Riddles,0.0
2.0,Riddles,0.0
2.0,Riddles,0.0
2.0,Riddles,0.0566037735849056
2.0,Riddles,0.0
2.0,Riddles,0.0
2.0,Riddles,0.0
2.0,Riddles,0.0
2.0,Riddles,0.0088105726872246
2.0,Riddles,0.0
2.0,Riddles,0.0
2.0,Riddles,0.0
2.0,Riddles,0.0
2.0,Riddles,0.0
2.0,Riddles,0.0
2.0,Riddles,0.0
2.0,Riddles,0.0
2.0,Riddles,0.0
2.0,Riddles,0.0038167938931297
2.0,Riddles,0.0
2.0,Riddles,0.0
2.0,Riddles,0.0
2.0,Riddles,0.0
2.0,Riddles,0.0
2.0,Riddles,0.0
2.0,Riddles,0.0
2.0,Riddles,0.0
2.0,Riddles,0.0
2.0,Riddles,0.0
2.0,Riddles,0.0
2.0,Riddles,0.0
2.0,Riddles,0.0
2.0,Riddles,0.0
2.0,Riddles,0.0694444444444444
2.0,Riddles,0.0
2.0,Riddles,0.0
2.0,Riddles,0.0
2.0,Riddles,0.0
2.0,Riddles,0.0089285714285714
2.0,Riddles,0.0
2.0,Riddles,0.0
2.0,Riddles,0.0
2.0,Riddles,0.0
2.0,Riddles,0.0
2.0,Riddles,0.0493827160493827
2.0,Riddles,0.0
2.0,Riddles,0.0
2.0,Riddles,0.0
2.0,Riddles,0.0
2.0,Riddles,0.0
2.0,Riddles,0.0
2.0,Riddles,0.0
2.0,Riddles,0.0
2.0,Riddles,0.0
2.0,Riddles,0.0033222591362126
2.0,Riddles,0.0
2.0,Riddles,0.0
2.0,Riddles,0.0
2.0,Riddles,0.0
2.0,Riddles,0.0
2.0,Riddles,0.0
2.0,Riddles,0.0
2.0,Riddles,0.0
2.0,Riddles,0.0
2.0,Riddles,0.0
2.0,Riddles,0.0
2.0,Riddles,0.0
2.0,Riddles,0.0
2.0,Riddles,0.0
2.0,Riddles,0.0
2.0,Riddles,0.0
2.0,Riddles,0.0240963855421686
2.0,Riddles,0.0163934426229508
2.0,Riddles,0.0
2.0,Riddles,0.0
2.0,Riddles,0.0
2.0,Riddles,0.0
2.0,Riddles,0.0
2.0,Riddles,0.0031645569620253
2.0,Riddles,0.0
2.0,Riddles,0.0
2.0,Riddles,0.0
2.0,Riddles,0.0
2.0,Riddles,0.0
2.0,Riddles,0.0
2.0,Riddles,0.0
2.0,Riddles,0.0
2.0,Riddles,0.0
2.0,Riddles,0.0
2.0,Riddles,0.0
2.0,Riddles,0.0
2.0,Riddles,0.0
2.0,Riddles,0.0
2.0,Riddles,0.044776119402985
2.0,Riddles,0.0
2.0,Riddles,0.0
2.0,Riddles,0.0
2.0,Riddles,0.0
2.0,Riddles,0.0
2.0,Riddles,0.0
2.0,Riddles,0.0
2.0,Riddles,0.0
2.0,Riddles,0.0
2.0,Riddles,0.0
2.0,Riddles,0.0
2.0,Riddles,0.0
2.0,Riddles,0.0
2.0,Riddles,0.0
2.0,Riddles,0.0033112582781456
2.0,Riddles,0.0
2.0,Riddles,0.0
2.0,Riddles,0.0
2.0,Riddles,0.0
2.0,Riddles,0.0
2.0,Riddles,0.0
2.0,Riddles,0.0
2.0,Riddles,0.0
2.0,Riddles,0.0
2.0,Riddles,0.0
2.0,Riddles,0.0
2.0,Riddles,0.0
2.0,Riddles,0.0
2.0,Riddles,0.0
2.0,Riddles,0.0666666666666666
2.0,Riddles,0.0
2.0,Riddles,0.0
2.0,Riddles,0.0
2.0,Riddles,0.0
2.0,Riddles,0.0465116279069767
2.0,Riddles,0.0
2.0,Riddles,0.0025641025641025
2.0,Riddles,0.0
2.0,Riddles,0.0
2.0,Riddles,0.0
2.0,Riddles,0.0
2.0,Riddles,0.0
2.0,Riddles,0.0
2.0,Riddles,0.0
2.0,Riddles,0.0107142857142857
2.0,Riddles,0.0
2.0,Riddles,0.0
2.0,Riddles,0.0
2.0,Riddles,0.0
2.0,Riddles,0.0
2.0,Riddles,0.0
2.0,Riddles,0.0
2.0,Riddles,0.0
2.0,Riddles,0.0047619047619047
2.0,Riddles,0.0
2.0,Riddles,0.0
2.0,Riddles,0.0
2.0,Riddles,0.0
2.0,Riddles,0.0
2.0,Riddles,0.0
2.0,Riddles,0.0
2.0,Riddles,0.0
2.0,Riddles,0.0
2.0,Riddles,0.0
2.0,Riddles,0.0
2.0,Riddles,0.0
2.0,Riddles,0.0166666666666666
2.0,Riddles,0.0
2.0,Riddles,0.0
2.0,Riddles,0.0
2.0,Riddles,0.0
2.0,Riddles,0.0
2.0,Riddles,0.0
2.0,Riddles,0.0
2.0,Riddles,0.0
2.0,Riddles,0.0
2.0,Riddles,0.0
2.0,Riddles,0.0
2.0,Riddles,0.0
2.0,Riddles,0.0
2.0,Riddles,0.0018382352941176
2.0,Riddles,0.0
2.0,Riddles,0.0
2.0,Riddles,0.0
2.0,Riddles,0.0
2.0,Riddles,0.0
2.0,Riddles,0.0
2.0,Riddles,0.0
2.0,Riddles,0.0
2.0,Riddles,0.037037037037037
2.0,Riddles,0.0
2.0,Riddles,0.0
2.0,Riddles,0.0
2.0,Riddles,0.0
2.0,Riddles,0.0097087378640776
2.0,Riddles,0.0
2.0,Riddles,0.0
2.0,Riddles,0.0
2.0,Riddles,0.0
2.0,Riddles,0.0
2.0,Riddles,0.0408163265306122
2.0,Riddles,0.0
2.0,Riddles,0.0
2.0,Riddles,0.0
2.0,Riddles,0.0
2.0,Riddles,0.0
2.0,Riddles,0.0
2.0,Riddles,0.0
2.0,Riddles,0.0
2.0,Riddles,0.0
2.0,Riddles,0.0022222222222222
2.0,Riddles,0.0
2.0,Riddles,0.0
2.0,Riddles,0.0
2.0,Riddles,0.0
2.0,Riddles,0.0
2.0,Riddles,0.0
2.0,Riddles,0.0
2.0,Riddles,0.0
2.0,Riddles,0.0307692307692307
2.0,Riddles,0.0
2.0,Riddles,0.0
2.0,Riddles,0.0
2.0,Riddles,0.0
2.0,Riddles,0.0
2.0,Riddles,0.0
2.0,Riddles,0.0
2.0,Riddles,0.0
2.0,Riddles,0.0
2.0,Riddles,0.0
2.0,Riddles,0.0
2.0,Riddles,0.0
2.0,Riddles,0.0147058823529411
2.0,Riddles,0.0
2.0,Riddles,0.0
2.0,Riddles,0.0
2.0,Riddles,0.0
2.0,Riddles,0.0
2.0,Riddles,0.0408163265306122
2.0,Riddles,0.0
2.0,Riddles,0.0
2.0,Riddles,0.0
2.0,Riddles,0.0031347962382445
2.0,Riddles,0.0
2.0,Riddles,0.0
2.0,Riddles,0.0
2.0,Riddles,0.0
2.0,Riddles,0.0
2.0,Riddles,0.0028490028490028
2.0,Riddles,0.0
2.0,Riddles,0.0
2.0,Riddles,0.0303030303030303
2.0,Riddles,0.0
2.0,Riddles,0.0
2.0,Riddles,0.0
2.0,Riddles,0.0
2.0,Riddles,0.0
2.0,Riddles,0.0
2.0,Riddles,0.0
2.0,Riddles,0.0
2.0,Riddles,0.024390243902439
2.0,Riddles,0.0
2.0,Riddles,0.0
2.0,Riddles,0.0
2.0,Riddles,0.0
2.0,Riddles,
2.0,Riddles,
2.0,Riddles,
2.0,Riddles,
2.0,Riddles,
2.0,Stem,0.0
2.0,Stem,0.0016949152542372
2.0,Stem,0.0100125156445556
2.0,Stem,0.00625
2.0,Stem,0.0
2.0,Stem,0.0104166666666666
2.0,Stem,0.001865671641791
2.0,Stem,0.002375296912114
2.0,Stem,0.0
2.0,Stem,0.0049099836333878
2.0,Stem,0.0
2.0,Stem,0.0017699115044247
2.0,Stem,0.0
2.0,Stem,0.0031595576619273
2.0,Stem,0.0229729729729729
2.0,Stem,0.0
2.0,Stem,0.0021551724137931
2.0,Stem,0.0037950664136622
2.0,Stem,0.0045662100456621
2.0,Stem,0.0030441400304414
2.0,Stem,0.0
2.0,Stem,0.0
2.0,Stem,0.0
2.0,Stem,0.0034904013961605
2.0,Stem,0.0120240480961923
2.0,Stem,0.0
2.0,Stem,0.0016920473773265
2.0,Stem,0.0021097046413502
2.0,Stem,0.0
2.0,Stem,0.0021321961620469
2.0,Stem,0.0018975332068311
2.0,Stem,0.0029895366218236
2.0,Stem,0.0129682997118155
2.0,Stem,0.0
2.0,Stem,0.0
2.0,Stem,0.0
2.0,Stem,0.0
2.0,Stem,0.0078492935635792
2.0,Stem,0.0047619047619047
2.0,Stem,0.0
2.0,Stem,0.006908462867012
2.0,Stem,0.0
2.0,Stem,0.0
2.0,Stem,0.0
2.0,Stem,0.0
2.0,Stem,0.0042826552462526
2.0,Stem,0.0160427807486631
2.0,Stem,0.0
2.0,Stem,0.0
2.0,Stem,0.0
2.0,Stem,0.0108695652173913
2.0,Stem,0.0132325141776937
2.0,Stem,0.0016583747927031
2.0,Stem,0.0
2.0,Stem,0.0
2.0,Stem,0.0019841269841269
2.0,Stem,0.0019493177387914
2.0,Stem,0.0173160173160173
2.0,Stem,0.0
2.0,Stem,0.0
2.0,Stem,0.0
2.0,Stem,0.0095238095238095
2.0,Stem,0.0046296296296296
2.0,Stem,0.0
2.0,Stem,0.0029940119760479
2.0,Stem,0.0
2.0,Stem,0.0018761726078799
2.0,Stem,0.0
2.0,Stem,0.0
2.0,Stem,0.0
2.0,Stem,0.0050675675675675
2.0,Stem,0.0097087378640776
2.0,Stem,0.0018214936247723
2.0,Stem,0.0041152263374485
2.0,Stem,0.0
2.0,Stem,0.0
2.0,Stem,0.0
2.0,Stem,0.0
2.0,Stem,0.0
2.0,Stem,0.0
2.0,Stem,0.0013210039630118
2.0,Stem,0.0
2.0,Stem,0.002262443438914
2.0,Stem,0.0117096018735363
2.0,Stem,0.0063492063492063
2.0,Stem,0.0017182130584192
2.0,Stem,0.0021459227467811
2.0,Stem,0.0038809831824062
2.0,Stem,0.0
2.0,Stem,0.0
2.0,Stem,0.0
2.0,Stem,0.0
2.0,Stem,0.0
2.0,Stem,0.0042826552462526
2.0,Stem,0.0035398230088495
2.0,Stem,0.0072202166064981
2.0,Stem,0.001628664495114
2.0,Stem,0.0051194539249146
2.0,Stem,0.0
2.0,Stem,0.0017543859649122
2.0,Stem,0.0037950664136622
2.0,Stem,0.0109890109890109
2.0,Stem,0.0
2.0,Stem,0.0
2.0,Stem,0.0021929824561403
2.0,Stem,0.0097087378640776
2.0,Stem,0.0071047957371225
2.0,Stem,0.0036496350364963
2.0,Stem,0.0
2.0,Stem,0.0
2.0,Stem,0.0
2.0,Stem,0.0125
2.0,Stem,0.0098887515451174
2.0,Stem,0.0
2.0,Stem,0.0
2.0,Stem,0.0021598272138228
2.0,Stem,0.0041407867494824
2.0,Stem,0.0014556040756914
2.0,Stem,0.003454231433506
2.0,Stem,0.0
2.0,Stem,0.0015060240963855
2.0,Stem,0.0
2.0,Stem,0.0
2.0,Stem,0.0015128593040847
2.0,Stem,0.0
2.0,Stem,0.0
2.0,Stem,0.009367681498829
2.0,Stem,0.0
2.0,Stem,0.0
2.0,Stem,0.0
2.0,Stem,0.0043668122270742
2.0,Stem,0.0
2.0,Stem,0.0
2.0,Stem,0.0013661202185792
2.0,Stem,0.0013568521031207
2.0,Stem,0.0075757575757575
2.0,Stem,0.0
2.0,Stem,0.005
2.0,Stem,0.0053050397877984
2.0,Stem,0.0136286201022146
2.0,Stem,0.0
2.0,Stem,0.0
2.0,Stem,0.0058737151248164
2.0,Stem,0.0
2.0,Stem,0.0
2.0,Stem,0.0091012514220705
2.0,Stem,0.0018181818181818
2.0,Stem,0.0
2.0,Stem,0.0024509803921568
2.0,Stem,0.0
2.0,Stem,0.0225903614457831
2.0,Stem,0.0
2.0,Stem,0.0
2.0,Stem,0.0
2.0,Stem,0.0
2.0,Stem,0.0019342359767891
2.0,Stem,0.0123076923076923
2.0,Stem,0.0
2.0,Stem,0.0
2.0,Stem,0.0061224489795918
2.0,Stem,0.0
2.0,Stem,0.0063593004769475
2.0,Stem,0.0034602076124567
2.0,Stem,0.0
2.0,Stem,0.0
2.0,Stem,0.001628664495114
2.0,Stem,0.0
2.0,Stem,0.017094017094017
2.0,Stem,0.005
2.0,Stem,0.0
2.0,Stem,0.0064516129032258
2.0,Stem,0.0045146726862302
2.0,Stem,0.0126811594202898
2.0,Stem,0.0
2.0,Stem,0.0
2.0,Stem,0.0030165912518853
2.0,Stem,0.0
2.0,Stem,0.0
2.0,Stem,0.0144300144300144
2.0,Stem,0.0
2.0,Stem,0.0
2.0,Stem,0.0021881838074398
2.0,Stem,0.0
2.0,Stem,0.0055147058823529
2.0,Stem,0.0034188034188034
2.0,Stem,0.0
2.0,Stem,0.0
2.0,Stem,0.0021231422505307
2.0,Stem,0.0022271714922048
2.0,Stem,0.0123839009287925
2.0,Stem,0.0016920473773265
2.0,Stem,0.0
2.0,Stem,0.0021505376344086
2.0,Stem,0.0074074074074074
2.0,Stem,0.0075987841945288
2.0,Stem,0.002061855670103
2.0,Stem,0.0
2.0,Stem,0.0029368575624082